Time,Open,High,Low,Close,Volume
2023-05-18 21:30:00,1815.19,1819.77,1814.5,1817.69,38271.807
2023-05-18 21:45:00,1817.69,1818.96,1816.42,1817.5,20168.127
2023-05-18 22:00:00,1817.5,1820.97,1812.48,1816.66,49452.559
2023-05-18 22:15:00,1816.67,1820.7,1815.31,1819.19,25775.639
2023-05-18 22:30:00,1819.19,1823.74,1812.01,1812.6,61107.972
2023-05-18 22:45:00,1812.61,1816.73,1803.16,1816.26,112955.428
2023-05-18 23:00:00,1816.26,1820.36,1813.51,1814.39,45256.163
2023-05-18 23:15:00,1814.39,1815.89,1806.35,1808.36,56800.554
2023-05-18 23:30:00,1808.36,1810.99,1807.0,1809.36,42740.405
2023-05-18 23:45:00,1809.36,1812.22,1805.39,1807.26,41385.862
2023-05-19 00:00:00,1807.25,1809.61,1806.01,1807.74,37944.537
2023-05-19 00:15:00,1807.74,1810.42,1806.08,1807.59,36177.55
2023-05-19 00:30:00,1807.58,1812.23,1805.86,1811.91,35120.231
2023-05-19 00:45:00,1811.91,1812.23,1807.87,1808.84,17449.577
2023-05-19 01:00:00,1808.85,1810.63,1808.15,1809.92,12012.159
2023-05-19 01:15:00,1809.93,1810.35,1806.84,1808.3,26657.47
2023-05-19 01:30:00,1808.3,1808.31,1790.2,1794.68,169996.794
2023-05-19 01:45:00,1794.69,1794.74,1770.0,1777.33,260824.834
2023-05-19 02:00:00,1777.33,1782.59,1772.0,1778.42,114777.657
2023-05-19 02:15:00,1778.42,1783.99,1775.0,1781.62,57947.173
2023-05-19 02:30:00,1781.61,1788.92,1779.82,1783.55,50204.612
2023-05-19 02:45:00,1783.54,1785.91,1782.04,1784.55,20322.956
2023-05-19 03:00:00,1784.54,1788.09,1782.03,1786.81,28843.93
2023-05-19 03:15:00,1786.81,1788.64,1785.46,1787.88,17169.69
2023-05-19 03:30:00,1787.89,1798.46,1787.87,1798.2,72375.601
2023-05-19 03:45:00,1798.19,1800.79,1793.8,1794.37,58208.227
2023-05-19 04:00:00,1794.36,1798.08,1792.45,1794.22,34995.503
2023-05-19 04:15:00,1794.22,1795.85,1793.52,1795.21,11636.563
2023-05-19 04:30:00,1795.21,1799.57,1795.08,1797.41,22205.338
2023-05-19 04:45:00,1797.41,1797.72,1795.6,1795.71,10418.333
2023-05-19 05:00:00,1795.71,1797.93,1795.7,1797.81,9908.833
2023-05-19 05:15:00,1797.81,1803.66,1797.18,1801.02,36833.589
2023-05-19 05:30:00,1801.02,1821.51,1800.61,1816.31,120761.66
2023-05-19 05:45:00,1816.32,1817.64,1812.89,1813.89,31074.033
2023-05-19 06:00:00,1813.9,1815.19,1810.29,1812.94,36504.297
2023-05-19 06:15:00,1812.95,1812.95,1807.28,1808.89,27599.688
2023-05-19 06:30:00,1808.89,1810.0,1806.81,1807.55,14362.013
2023-05-19 06:45:00,1807.55,1809.68,1807.54,1807.94,10562.551
2023-05-19 07:00:00,1807.93,1807.93,1805.25,1806.01,16594.797
2023-05-19 07:15:00,1806.0,1806.93,1803.53,1803.86,16702.485
2023-05-19 07:30:00,1803.85,1804.54,1801.7,1803.25,21663.504
2023-05-19 07:45:00,1803.25,1804.79,1798.11,1799.69,36961.001
2023-05-19 08:00:00,1799.69,1801.06,1797.32,1800.79,33369.66
2023-05-19 08:15:00,1800.79,1802.99,1800.78,1801.02,23494.694
2023-05-19 08:30:00,1801.02,1806.65,1800.45,1801.66,26275.224
2023-05-19 08:45:00,1801.67,1804.4,1798.54,1803.33,18270.045
2023-05-19 09:00:00,1803.33,1806.47,1802.76,1803.32,15391.13
2023-05-19 09:15:00,1803.32,1803.61,1798.78,1801.21,19869.447
2023-05-19 09:30:00,1801.21,1802.11,1797.49,1797.99,18826.535
2023-05-19 09:45:00,1798.0,1799.12,1795.72,1798.45,18572.323
2023-05-19 10:00:00,1798.44,1801.43,1797.6,1799.3,13408.802
2023-05-19 10:15:00,1799.3,1800.93,1798.4,1800.06,8088.891
2023-05-19 10:30:00,1800.06,1801.01,1796.75,1797.52,13745.859
2023-05-19 10:45:00,1797.53,1799.59,1796.3,1799.48,9656.691
2023-05-19 11:00:00,1799.48,1800.0,1796.86,1798.77,12026.343
2023-05-19 11:15:00,1798.77,1802.63,1798.77,1802.56,14856.931
2023-05-19 11:30:00,1802.56,1802.92,1800.94,1801.49,8701.004
2023-05-19 11:45:00,1801.49,1801.7,1799.89,1800.75,10051.822
2023-05-19 12:00:00,1800.76,1801.27,1799.01,1799.05,8625.45
2023-05-19 12:15:00,1799.04,1799.9,1798.03,1799.05,11012.285
2023-05-19 12:30:00,1799.04,1801.62,1798.5,1801.47,7832.43
2023-05-19 12:45:00,1801.47,1803.96,1801.0,1803.85,11968.537
2023-05-19 13:00:00,1803.85,1805.96,1802.04,1802.41,25467.438
2023-05-19 13:15:00,1802.41,1804.27,1802.36,1803.29,6010.94
2023-05-19 13:30:00,1803.3,1805.64,1803.02,1805.1,9946.526
2023-05-19 13:45:00,1805.1,1805.99,1803.74,1804.48,10787.09
2023-05-19 14:00:00,1804.49,1807.36,1803.43,1806.01,19026.749
2023-05-19 14:15:00,1806.01,1808.45,1804.21,1805.16,18896.854
2023-05-19 14:30:00,1805.17,1806.82,1802.5,1804.02,24967.135
2023-05-19 14:45:00,1804.03,1807.49,1804.02,1806.42,16209.125
2023-05-19 15:00:00,1806.42,1809.87,1804.79,1808.79,20384.815
2023-05-19 15:15:00,1808.79,1809.72,1806.28,1806.8,15468.816
2023-05-19 15:30:00,1806.8,1807.94,1805.0,1805.92,14238.736
2023-05-19 15:45:00,1805.93,1806.13,1804.34,1804.53,10813.235
2023-05-19 16:00:00,1804.54,1806.67,1804.1,1806.46,10265.21
2023-05-19 16:15:00,1806.46,1808.21,1806.29,1806.71,6985.94
2023-05-19 16:30:00,1806.71,1809.58,1806.7,1808.28,13817.873
2023-05-19 16:45:00,1808.28,1809.26,1806.65,1807.6,13400.726
2023-05-19 17:00:00,1807.6,1810.98,1807.51,1807.97,17967.422
2023-05-19 17:15:00,1807.98,1809.31,1805.62,1807.08,16493.912
2023-05-19 17:30:00,1807.08,1807.64,1805.82,1806.13,9986.084
2023-05-19 17:45:00,1806.13,1807.75,1806.0,1806.78,7133.847
2023-05-19 18:00:00,1806.78,1809.37,1806.77,1807.71,19102.288
2023-05-19 18:15:00,1807.71,1811.55,1806.37,1808.77,22311.523
2023-05-19 18:30:00,1808.77,1809.49,1807.25,1807.64,10825.728
2023-05-19 18:45:00,1807.64,1808.18,1805.1,1806.18,18097.126
2023-05-19 19:00:00,1806.18,1808.91,1804.34,1804.65,29800.522
2023-05-19 19:15:00,1804.65,1807.91,1804.64,1806.94,15958.655
2023-05-19 19:30:00,1806.93,1807.89,1805.53,1805.94,7007.817
2023-05-19 19:45:00,1805.94,1808.0,1805.45,1806.73,10319.324
2023-05-19 20:00:00,1806.73,1816.29,1806.73,1814.43,61818.935
2023-05-19 20:15:00,1814.42,1818.47,1812.19,1813.6,44357.84
2023-05-19 20:30:00,1813.6,1815.94,1813.02,1814.32,30822.119
2023-05-19 20:45:00,1814.31,1815.44,1812.0,1814.0,20762.429
2023-05-19 21:00:00,1814.0,1815.67,1814.0,1814.4,14028.955
2023-05-19 21:15:00,1814.4,1818.54,1813.13,1816.25,34118.528
2023-05-19 21:30:00,1816.24,1817.8,1812.01,1815.47,37388.941
2023-05-19 21:45:00,1815.47,1815.92,1811.77,1814.02,30612.714
2023-05-19 22:00:00,1814.02,1814.67,1807.1,1807.83,61348.477
2023-05-19 22:15:00,1807.83,1811.78,1807.37,1809.18,21796.056
2023-05-19 22:30:00,1809.19,1811.43,1807.0,1807.68,21037.958
2023-05-19 22:45:00,1807.67,1810.58,1806.1,1810.47,23911.153
2023-05-19 23:00:00,1810.47,1815.19,1803.32,1813.09,69210.481
2023-05-19 23:15:00,1813.08,1830.0,1808.47,1810.45,248079.804
2023-05-19 23:30:00,1810.46,1818.25,1798.63,1817.18,184062.286
2023-05-19 23:45:00,1817.18,1820.0,1811.84,1814.64,74947.553
2023-05-20 00:00:00,1814.64,1818.32,1812.69,1814.92,35263.953
2023-05-20 00:15:00,1814.93,1817.22,1814.65,1814.74,15970.936
2023-05-20 00:30:00,1814.74,1814.78,1810.51,1814.61,31096.646
2023-05-20 00:45:00,1814.6,1815.0,1811.4,1811.4,12270.241
2023-05-20 01:00:00,1811.41,1814.88,1809.23,1813.65,20685.574
2023-05-20 01:15:00,1813.64,1816.96,1813.0,1816.4,18279.757
2023-05-20 01:30:00,1816.41,1817.24,1815.38,1816.75,11239.802
2023-05-20 01:45:00,1816.75,1822.42,1816.15,1818.3,37893.139
2023-05-20 02:00:00,1818.3,1822.05,1817.64,1818.74,22400.043
2023-05-20 02:15:00,1818.74,1818.77,1815.09,1815.96,18395.644
2023-05-20 02:30:00,1815.96,1817.04,1815.0,1816.49,11799.438
2023-05-20 02:45:00,1816.48,1817.04,1815.56,1816.42,8215.22
2023-05-20 03:00:00,1816.41,1816.42,1813.07,1813.43,15339.806
2023-05-20 03:15:00,1813.44,1813.44,1806.0,1808.6,36802.858
2023-05-20 03:30:00,1808.6,1811.12,1807.54,1808.68,17351.251
2023-05-20 03:45:00,1808.68,1811.0,1807.91,1810.91,10333.798
2023-05-20 04:00:00,1810.91,1814.2,1809.94,1813.89,13790.665
2023-05-20 04:15:00,1813.89,1815.46,1811.97,1812.93,9356.34
2023-05-20 04:30:00,1812.92,1813.14,1808.32,1811.27,13829.432
2023-05-20 04:45:00,1811.27,1812.42,1810.64,1811.32,4981.617
2023-05-20 05:00:00,1811.33,1813.67,1810.76,1813.67,6183.92
2023-05-20 05:15:00,1813.66,1813.91,1812.43,1813.66,5509.199
2023-05-20 05:30:00,1813.67,1814.66,1812.57,1812.74,4968.958
2023-05-20 05:45:00,1812.73,1813.38,1811.39,1813.38,4088.444
2023-05-20 06:00:00,1813.37,1814.46,1811.73,1811.92,11521.709
2023-05-20 06:15:00,1811.93,1813.47,1811.92,1812.71,6257.362
2023-05-20 06:30:00,1812.71,1812.89,1811.52,1811.67,6293.547
2023-05-20 06:45:00,1811.67,1812.07,1811.38,1811.47,3052.254
2023-05-20 07:00:00,1811.47,1812.52,1811.09,1811.62,5706.413
2023-05-20 07:15:00,1811.62,1813.17,1811.62,1812.53,5161.047
2023-05-20 07:30:00,1812.53,1813.31,1812.21,1812.46,2611.49
2023-05-20 07:45:00,1812.46,1813.45,1809.91,1811.38,12204.709
2023-05-20 08:00:00,1811.38,1812.77,1811.29,1812.76,6693.269
2023-05-20 08:15:00,1812.76,1812.93,1809.04,1810.41,12572.289
2023-05-20 08:30:00,1810.41,1810.78,1805.96,1807.35,22477.655
2023-05-20 08:45:00,1807.35,1807.83,1805.99,1807.5,11141.331
2023-05-20 09:00:00,1807.5,1808.88,1806.88,1808.17,9102.002
2023-05-20 09:15:00,1808.17,1810.95,1808.16,1809.56,10567.724
2023-05-20 09:30:00,1809.55,1809.92,1808.03,1808.51,5036.48
2023-05-20 09:45:00,1808.51,1809.0,1808.03,1809.0,3499.715
2023-05-20 10:00:00,1808.99,1811.41,1808.33,1809.99,9950.971
2023-05-20 10:15:00,1809.99,1810.57,1808.27,1808.86,6807.916
2023-05-20 10:30:00,1808.87,1808.87,1807.05,1807.64,5913.672
2023-05-20 10:45:00,1807.64,1808.0,1806.96,1807.62,7519.64
2023-05-20 11:00:00,1807.61,1809.64,1807.17,1809.64,8897.989
2023-05-20 11:15:00,1809.63,1811.0,1809.49,1809.8,8824.924
2023-05-20 11:30:00,1809.81,1810.98,1809.53,1810.51,3464.053
2023-05-20 11:45:00,1810.51,1812.99,1810.36,1812.51,10949.506
2023-05-20 12:00:00,1812.51,1813.36,1811.63,1811.63,7881.142
2023-05-20 12:15:00,1811.63,1811.64,1810.75,1811.0,5053.587
2023-05-20 12:30:00,1811.0,1812.1,1810.71,1811.88,3927.339
2023-05-20 12:45:00,1811.88,1812.99,1811.3,1812.6,5719.645
2023-05-20 13:00:00,1812.59,1812.7,1809.07,1810.39,16420.117
2023-05-20 13:15:00,1810.39,1810.68,1809.66,1810.01,2957.803
2023-05-20 13:30:00,1810.01,1810.53,1808.86,1809.14,5887.708
2023-05-20 13:45:00,1809.14,1810.01,1808.45,1809.85,4759.874
2023-05-20 14:00:00,1809.84,1809.85,1807.34,1808.24,14261.462
2023-05-20 14:15:00,1808.24,1808.58,1807.3,1808.4,6804.111
2023-05-20 14:30:00,1808.39,1808.98,1808.08,1808.21,4404.343
2023-05-20 14:45:00,1808.21,1810.13,1808.08,1809.0,8224.469
2023-05-20 15:00:00,1808.99,1809.4,1808.7,1809.27,3907.785
2023-05-20 15:15:00,1809.28,1809.73,1808.12,1809.43,4974.912
2023-05-20 15:30:00,1809.44,1810.84,1808.82,1810.33,6229.438
2023-05-20 15:45:00,1810.34,1810.79,1810.18,1810.24,3765.744
2023-05-20 16:00:00,1810.24,1811.22,1810.23,1810.98,5000.98
2023-05-20 16:15:00,1810.99,1812.9,1810.98,1812.21,12591.287
2023-05-20 16:30:00,1812.22,1813.3,1812.17,1812.3,8574.038
2023-05-20 16:45:00,1812.3,1814.28,1812.12,1813.6,10192.133
2023-05-20 17:00:00,1813.61,1815.28,1812.45,1813.91,16116.442
2023-05-20 17:15:00,1813.91,1814.48,1812.17,1812.79,8383.102
2023-05-20 17:30:00,1812.79,1813.48,1812.33,1812.53,5685.036
2023-05-20 17:45:00,1812.53,1812.84,1811.44,1812.46,5840.603
2023-05-20 18:00:00,1812.46,1813.41,1811.99,1812.99,4835.635
2023-05-20 18:15:00,1813.0,1813.58,1812.53,1813.42,4060.961
2023-05-20 18:30:00,1813.43,1813.93,1812.66,1812.67,5995.939
2023-05-20 18:45:00,1812.66,1812.72,1812.2,1812.25,2685.873
2023-05-20 19:00:00,1812.25,1812.25,1810.44,1811.41,8454.695
2023-05-20 19:15:00,1811.42,1813.83,1811.07,1812.19,8209.856
2023-05-20 19:30:00,1812.19,1812.48,1811.52,1812.02,3982.706
2023-05-20 19:45:00,1812.01,1812.49,1811.55,1812.48,3531.447
2023-05-20 20:00:00,1812.48,1814.48,1812.23,1813.59,8993.908
2023-05-20 20:15:00,1813.59,1817.0,1813.26,1815.2,15828.065
2023-05-20 20:30:00,1815.2,1815.53,1812.94,1813.26,8103.21
2023-05-20 20:45:00,1813.27,1813.63,1812.6,1812.62,4671.07
2023-05-20 21:00:00,1812.62,1814.5,1811.77,1812.24,8479.13
2023-05-20 21:15:00,1812.24,1814.18,1811.62,1812.9,8915.853
2023-05-20 21:30:00,1812.9,1815.07,1812.51,1813.95,7471.61
2023-05-20 21:45:00,1813.96,1814.62,1813.01,1813.27,5058.802
2023-05-20 22:00:00,1813.27,1817.84,1813.26,1815.5,23658.081
2023-05-20 22:15:00,1815.51,1817.0,1815.06,1815.2,9306.174
2023-05-20 22:30:00,1815.2,1815.48,1813.97,1815.47,6735.231
2023-05-20 22:45:00,1815.46,1818.99,1815.19,1817.96,16936.566
2023-05-20 23:00:00,1817.97,1819.53,1816.59,1816.59,18518.078
2023-05-20 23:15:00,1816.59,1820.19,1816.14,1818.61,20008.122
2023-05-20 23:30:00,1818.6,1819.33,1817.4,1817.4,10722.67
2023-05-20 23:45:00,1817.4,1818.45,1815.79,1816.63,9729.561
2023-05-21 00:00:00,1816.63,1817.38,1815.6,1816.04,11583.71
2023-05-21 00:15:00,1816.03,1816.4,1814.35,1815.22,9737.94
2023-05-21 00:30:00,1815.22,1815.57,1814.21,1814.75,4052.026
2023-05-21 00:45:00,1814.75,1815.13,1814.46,1815.0,4581.891
2023-05-21 01:00:00,1815.0,1815.43,1813.66,1813.74,7082.814
2023-05-21 01:15:00,1813.74,1813.78,1812.55,1812.97,10577.874
2023-05-21 01:30:00,1812.96,1819.88,1812.83,1819.09,19388.025
2023-05-21 01:45:00,1819.09,1827.77,1819.08,1826.48,84683.734
2023-05-21 02:00:00,1826.49,1828.88,1823.45,1826.9,53954.525
2023-05-21 02:15:00,1826.91,1827.91,1823.27,1825.51,22139.709
2023-05-21 02:30:00,1825.5,1826.74,1823.43,1823.66,16155.947
2023-05-21 02:45:00,1823.66,1825.03,1818.63,1819.31,21623.181
2023-05-21 03:00:00,1819.31,1820.13,1813.31,1818.27,50063.068
2023-05-21 03:15:00,1818.27,1821.0,1817.03,1819.24,16977.259
2023-05-21 03:30:00,1819.23,1820.83,1819.23,1820.78,9237.765
2023-05-21 03:45:00,1820.78,1821.97,1819.74,1820.75,7816.692
2023-05-21 04:00:00,1820.76,1822.13,1818.92,1819.36,13894.098
2023-05-21 04:15:00,1819.36,1819.85,1817.79,1817.8,6451.55
2023-05-21 04:30:00,1817.8,1818.28,1816.24,1817.05,7983.449
2023-05-21 04:45:00,1817.05,1817.05,1814.46,1815.67,9360.675
2023-05-21 05:00:00,1815.66,1815.67,1810.84,1814.88,27570.954
2023-05-21 05:15:00,1814.89,1816.68,1812.52,1816.18,12483.461
2023-05-21 05:30:00,1816.17,1816.81,1815.35,1815.35,5862.1
2023-05-21 05:45:00,1815.35,1816.51,1814.71,1816.5,3321.752
2023-05-21 06:00:00,1816.5,1816.51,1814.56,1815.56,7726.363
2023-05-21 06:15:00,1815.56,1816.28,1815.0,1816.17,3849.185
2023-05-21 06:30:00,1816.16,1817.48,1815.24,1816.54,6890.472
2023-05-21 06:45:00,1816.53,1817.84,1816.06,1817.5,5080.942
2023-05-21 07:00:00,1817.5,1817.5,1816.18,1816.66,4561.821
2023-05-21 07:15:00,1816.66,1818.0,1816.6,1816.89,5294.004
2023-05-21 07:30:00,1816.89,1818.66,1816.85,1817.85,6102.423
2023-05-21 07:45:00,1817.85,1819.36,1817.27,1818.59,9332.088
2023-05-21 08:00:00,1818.59,1819.77,1815.32,1816.78,27722.293
2023-05-21 08:15:00,1816.78,1818.0,1816.08,1817.77,7356.382
2023-05-21 08:30:00,1817.77,1822.99,1817.55,1822.27,16876.091
2023-05-21 08:45:00,1822.26,1828.91,1821.75,1825.99,53804.453
2023-05-21 09:00:00,1825.99,1827.51,1820.98,1824.17,23614.286
2023-05-21 09:15:00,1824.17,1824.32,1819.0,1819.66,18470.152
2023-05-21 09:30:00,1819.65,1820.5,1818.66,1818.98,8498.779
2023-05-21 09:45:00,1818.99,1819.39,1816.3,1816.69,12253.946
2023-05-21 10:00:00,1816.68,1818.72,1816.02,1818.6,13880.683
2023-05-21 10:15:00,1818.59,1818.6,1815.91,1817.33,10705.258
2023-05-21 10:30:00,1817.34,1817.56,1816.81,1817.33,3537.629
2023-05-21 10:45:00,1817.33,1818.32,1816.58,1817.89,7640.353
2023-05-21 11:00:00,1817.88,1818.32,1816.55,1817.07,7220.032
2023-05-21 11:15:00,1817.07,1818.01,1816.66,1817.76,5463.31
2023-05-21 11:30:00,1817.76,1818.04,1817.2,1817.81,2824.354
2023-05-21 11:45:00,1817.81,1818.62,1816.53,1817.06,7472.126
2023-05-21 12:00:00,1817.06,1817.06,1814.56,1814.78,11125.466
2023-05-21 12:15:00,1814.78,1815.94,1814.27,1815.62,10706.73
2023-05-21 12:30:00,1815.61,1816.58,1815.18,1816.2,7404.264
2023-05-21 12:45:00,1816.21,1816.68,1815.45,1816.41,5434.043
2023-05-21 13:00:00,1816.4,1816.68,1815.0,1815.17,7021.036
2023-05-21 13:15:00,1815.17,1815.65,1812.46,1815.19,13604.356
2023-05-21 13:30:00,1815.18,1815.66,1814.18,1814.54,10926.56
2023-05-21 13:45:00,1814.54,1815.15,1813.89,1814.19,7843.593
2023-05-21 14:00:00,1814.18,1814.2,1812.23,1813.47,14488.989
2023-05-21 14:15:00,1813.47,1814.55,1812.59,1814.54,5552.199
2023-05-21 14:30:00,1814.54,1814.55,1813.16,1813.81,5375.403
2023-05-21 14:45:00,1813.81,1814.81,1813.62,1814.39,6316.661
2023-05-21 15:00:00,1814.39,1815.35,1813.1,1814.18,11281.304
2023-05-21 15:15:00,1814.18,1815.31,1813.73,1815.31,5624.899
2023-05-21 15:30:00,1815.3,1816.69,1814.99,1815.84,7056.585
2023-05-21 15:45:00,1815.84,1816.49,1815.27,1816.19,5419.441
2023-05-21 16:00:00,1816.19,1816.19,1812.56,1815.07,21160.601
2023-05-21 16:15:00,1815.08,1815.16,1813.7,1814.65,8319.02
2023-05-21 16:30:00,1814.66,1815.0,1813.6,1814.07,5323.785
2023-05-21 16:45:00,1814.06,1815.41,1813.99,1814.5,4287.001
2023-05-21 17:00:00,1814.5,1814.51,1811.1,1812.34,19292.817
2023-05-21 17:15:00,1812.33,1816.69,1811.7,1814.3,21695.268
2023-05-21 17:30:00,1814.31,1815.84,1813.87,1815.51,6526.381
2023-05-21 17:45:00,1815.5,1816.08,1815.07,1815.82,5071.279
2023-05-21 18:00:00,1815.82,1816.17,1813.79,1814.03,9014.591
2023-05-21 18:15:00,1814.03,1814.3,1813.7,1813.77,5947.751
2023-05-21 18:30:00,1813.77,1814.89,1811.01,1811.94,19493.7
2023-05-21 18:45:00,1811.93,1811.94,1806.46,1809.29,52133.566
2023-05-21 19:00:00,1809.29,1809.4,1805.53,1808.4,37214.581
2023-05-21 19:15:00,1808.4,1809.67,1805.04,1809.37,27058.15
2023-05-21 19:30:00,1809.37,1812.65,1809.07,1809.69,22116.418
2023-05-21 19:45:00,1809.69,1810.39,1806.73,1808.43,24702.161
2023-05-21 20:00:00,1808.42,1811.38,1807.57,1809.55,26099.699
2023-05-21 20:15:00,1809.55,1810.81,1808.48,1809.02,11439.149
2023-05-21 20:30:00,1809.02,1811.96,1808.78,1811.84,11261.596
2023-05-21 20:45:00,1811.85,1813.8,1810.69,1812.82,16245.7
2023-05-21 21:00:00,1812.82,1813.0,1811.81,1811.94,9545.939
2023-05-21 21:15:00,1811.94,1813.12,1811.93,1813.12,6734.359
2023-05-21 21:30:00,1813.12,1813.12,1811.31,1811.49,6418.071
2023-05-21 21:45:00,1811.48,1813.0,1811.01,1811.67,7427.473
2023-05-21 22:00:00,1811.66,1813.55,1811.48,1812.23,7958.347
2023-05-21 22:15:00,1812.23,1816.25,1812.11,1814.29,21938.418
2023-05-21 22:30:00,1814.29,1817.4,1813.95,1814.48,15266.175
2023-05-21 22:45:00,1814.49,1815.24,1810.22,1811.45,19645.395
2023-05-21 23:00:00,1811.44,1816.19,1810.66,1813.01,16873.425
2023-05-21 23:15:00,1813.01,1813.33,1811.87,1813.15,5125.41
2023-05-21 23:30:00,1813.14,1813.15,1801.24,1802.87,48471.674
2023-05-21 23:45:00,1802.69,1808.76,1801.32,1806.41,59779.998
2023-05-22 00:00:00,1806.41,1809.13,1805.9,1808.23,24319.875
2023-05-22 00:15:00,1808.23,1808.98,1805.72,1807.65,15284.738
2023-05-22 00:30:00,1807.66,1809.8,1805.69,1806.64,21507.704
2023-05-22 00:45:00,1806.64,1806.73,1803.35,1806.3,19334.423
2023-05-22 01:00:00,1806.3,1808.16,1804.49,1806.86,18443.868
2023-05-22 01:15:00,1806.86,1806.86,1804.44,1804.78,8148.415
2023-05-22 01:30:00,1804.77,1805.62,1801.22,1805.0,19601.036
2023-05-22 01:45:00,1805.0,1806.59,1802.81,1805.64,15856.494
2023-05-22 02:00:00,1805.65,1806.24,1804.53,1806.02,9220.156
2023-05-22 02:15:00,1806.02,1806.66,1804.74,1805.94,7035.364
2023-05-22 02:30:00,1805.94,1807.89,1805.12,1807.51,8370.888
2023-05-22 02:45:00,1807.52,1807.9,1805.19,1805.62,7713.143
2023-05-22 03:00:00,1805.63,1806.59,1805.2,1806.59,4476.881
2023-05-22 03:15:00,1806.59,1807.05,1805.52,1806.72,4533.391
2023-05-22 03:30:00,1806.71,1808.0,1806.71,1807.74,4960.883
2023-05-22 03:45:00,1807.74,1809.38,1807.39,1809.38,8305.259
2023-05-22 04:00:00,1809.38,1810.9,1808.72,1809.2,13520.966
2023-05-22 04:15:00,1809.2,1809.59,1808.51,1809.09,5137.189
2023-05-22 04:30:00,1809.09,1809.09,1807.07,1807.3,6223.357
2023-05-22 04:45:00,1807.31,1808.84,1804.03,1804.57,12730.21
2023-05-22 05:00:00,1804.56,1805.16,1794.45,1802.49,86879.038
2023-05-22 05:15:00,1802.49,1802.5,1797.67,1800.01,24129.636
2023-05-22 05:30:00,1800.01,1802.39,1798.91,1802.11,14158.758
2023-05-22 05:45:00,1802.12,1805.24,1802.08,1802.49,11556.677
2023-05-22 06:00:00,1802.49,1805.23,1801.6,1803.3,13647.873
2023-05-22 06:15:00,1803.29,1804.44,1802.37,1803.69,6873.34
2023-05-22 06:30:00,1803.69,1805.94,1803.39,1805.07,10463.513
2023-05-22 06:45:00,1805.06,1806.4,1803.8,1804.15,11787.919
2023-05-22 07:00:00,1804.14,1807.54,1804.01,1807.09,13746.671
2023-05-22 07:15:00,1807.09,1807.3,1805.35,1806.21,7489.522
2023-05-22 07:30:00,1806.22,1807.01,1804.68,1805.33,8397.083
2023-05-22 07:45:00,1805.32,1805.8,1801.45,1803.89,11665.328
2023-05-22 08:00:00,1803.9,1806.24,1803.24,1806.24,15416.294
2023-05-22 08:15:00,1806.24,1806.24,1800.57,1802.26,20138.77
2023-05-22 08:30:00,1802.25,1802.26,1791.0,1796.2,93737.532
2023-05-22 08:45:00,1796.2,1799.0,1793.89,1798.13,26294.683
2023-05-22 09:00:00,1798.12,1801.32,1795.36,1796.46,35196.115
2023-05-22 09:15:00,1796.47,1799.3,1794.45,1798.98,22007.184
2023-05-22 09:30:00,1798.98,1799.8,1795.5,1797.73,18861.08
2023-05-22 09:45:00,1797.74,1798.29,1791.61,1793.36,45309.568
2023-05-22 10:00:00,1793.36,1796.03,1790.76,1795.85,37561.778
2023-05-22 10:15:00,1795.86,1799.28,1795.1,1799.19,18305.309
2023-05-22 10:30:00,1799.19,1801.84,1798.94,1801.79,19796.993
2023-05-22 10:45:00,1801.79,1803.46,1800.04,1801.11,20355.723
2023-05-22 11:00:00,1801.11,1801.56,1800.34,1801.08,8437.095
2023-05-22 11:15:00,1801.09,1802.37,1799.5,1802.19,15159.859
2023-05-22 11:30:00,1802.19,1803.26,1800.55,1802.22,16261.92
2023-05-22 11:45:00,1802.22,1802.22,1800.0,1800.2,7226.745
2023-05-22 12:00:00,1800.2,1801.95,1799.8,1800.79,11622.338
2023-05-22 12:15:00,1800.8,1803.18,1800.79,1803.08,7531.339
2023-05-22 12:30:00,1803.08,1804.32,1802.33,1803.93,13399.618
2023-05-22 12:45:00,1803.92,1803.93,1801.49,1801.89,10386.071
2023-05-22 13:00:00,1801.89,1803.26,1801.88,1802.72,8662.5
2023-05-22 13:15:00,1802.72,1803.8,1802.09,1802.61,12937.667
2023-05-22 13:30:00,1802.62,1804.44,1802.36,1803.72,10675.058
2023-05-22 13:45:00,1803.72,1804.33,1802.08,1803.29,10698.961
2023-05-22 14:00:00,1803.29,1804.18,1802.62,1803.4,8372.689
2023-05-22 14:15:00,1803.41,1814.81,1803.19,1812.0,82921.085
2023-05-22 14:30:00,1812.0,1814.25,1809.31,1810.0,35376.618
2023-05-22 14:45:00,1810.0,1810.3,1806.64,1808.33,22992.815
2023-05-22 15:00:00,1808.34,1809.07,1806.91,1808.78,13352.312
2023-05-22 15:15:00,1808.77,1809.41,1807.68,1809.2,11109.159
2023-05-22 15:30:00,1809.2,1810.74,1808.11,1810.37,10487.179
2023-05-22 15:45:00,1810.37,1810.9,1809.53,1810.16,9453.2
2023-05-22 16:00:00,1810.17,1815.5,1809.6,1814.87,47402.65
2023-05-22 16:15:00,1814.88,1816.86,1812.6,1813.2,32979.572
2023-05-22 16:30:00,1813.19,1814.25,1811.82,1812.5,13272.811
2023-05-22 16:45:00,1812.5,1813.51,1810.86,1810.89,15520.226
2023-05-22 17:00:00,1810.9,1815.27,1810.89,1814.68,25543.609
2023-05-22 17:15:00,1814.68,1817.83,1814.33,1815.0,21680.822
2023-05-22 17:30:00,1815.0,1815.97,1814.17,1814.58,9937.537
2023-05-22 17:45:00,1814.58,1818.99,1814.53,1816.73,35055.853
2023-05-22 18:00:00,1816.72,1819.75,1815.64,1816.48,40176.244
2023-05-22 18:15:00,1816.48,1816.63,1815.39,1815.39,11028.014
2023-05-22 18:30:00,1815.39,1817.06,1813.85,1815.89,22698.006
2023-05-22 18:45:00,1815.89,1816.56,1814.81,1816.32,12467.609
2023-05-22 19:00:00,1816.32,1816.83,1813.16,1813.3,16208.648
2023-05-22 19:15:00,1813.31,1814.09,1812.22,1813.47,17719.162
2023-05-22 19:30:00,1813.47,1813.75,1811.83,1812.19,14017.57
2023-05-22 19:45:00,1812.2,1813.9,1812.05,1813.89,7542.424
2023-05-22 20:00:00,1813.89,1815.48,1813.14,1813.59,16871.586
2023-05-22 20:15:00,1813.59,1815.14,1812.04,1814.54,15112.344
2023-05-22 20:30:00,1814.54,1815.93,1811.97,1811.97,17245.489
2023-05-22 20:45:00,1811.98,1812.49,1808.14,1809.5,40964.404
2023-05-22 21:00:00,1809.49,1812.22,1808.11,1812.06,25384.455
2023-05-22 21:15:00,1812.06,1813.86,1811.92,1812.12,14903.743
2023-05-22 21:30:00,1812.13,1827.99,1812.13,1823.71,200988.194
2023-05-22 21:45:00,1823.7,1826.37,1820.58,1821.38,78185.534
2023-05-22 22:00:00,1821.38,1823.97,1806.71,1814.91,156935.736
2023-05-22 22:15:00,1814.92,1820.0,1814.23,1817.51,64800.708
2023-05-22 22:30:00,1817.51,1820.91,1815.0,1816.82,34956.077
2023-05-22 22:45:00,1816.82,1818.65,1815.03,1818.65,19589.087
2023-05-22 23:00:00,1818.65,1820.59,1814.54,1814.54,35071.943
2023-05-22 23:15:00,1814.54,1815.77,1811.31,1813.59,31606.93
2023-05-22 23:30:00,1813.59,1817.5,1813.58,1816.32,15701.151
2023-05-22 23:45:00,1816.32,1817.32,1815.36,1815.83,9549.014
2023-05-23 00:00:00,1815.82,1818.63,1815.17,1817.16,19705.021
2023-05-23 00:15:00,1817.17,1817.42,1813.27,1816.02,21683.796
2023-05-23 00:30:00,1816.02,1819.34,1815.69,1818.61,12247.422
2023-05-23 00:45:00,1818.61,1818.61,1815.4,1817.12,12521.441
2023-05-23 01:00:00,1817.12,1819.2,1812.51,1813.63,30045.489
2023-05-23 01:15:00,1813.63,1814.47,1812.41,1812.74,14507.454
2023-05-23 01:30:00,1812.74,1815.89,1812.74,1814.53,19459.066
2023-05-23 01:45:00,1814.53,1818.66,1814.53,1816.11,30521.055
2023-05-23 02:00:00,1816.11,1818.49,1815.95,1818.32,13737.044
2023-05-23 02:15:00,1818.32,1822.99,1818.31,1821.91,28764.024
2023-05-23 02:30:00,1821.9,1821.91,1818.52,1819.99,16148.796
2023-05-23 02:45:00,1820.0,1820.15,1817.75,1818.68,12260.996
2023-05-23 03:00:00,1818.68,1819.4,1816.31,1816.73,10497.265
2023-05-23 03:15:00,1816.72,1816.76,1814.12,1815.31,14170.656
2023-05-23 03:30:00,1815.3,1816.4,1813.41,1815.85,11838.772
2023-05-23 03:45:00,1815.85,1817.3,1814.6,1815.77,9440.194
2023-05-23 04:00:00,1815.78,1816.01,1814.64,1815.03,7365.607
2023-05-23 04:15:00,1815.04,1815.2,1812.22,1812.55,8085.408
2023-05-23 04:30:00,1812.56,1815.41,1812.55,1815.41,6615.32
2023-05-23 04:45:00,1815.41,1819.33,1815.08,1817.33,13625.394
2023-05-23 05:00:00,1817.33,1819.98,1817.33,1819.03,11127.177
2023-05-23 05:15:00,1819.03,1824.59,1818.49,1822.16,29463.708
2023-05-23 05:30:00,1822.16,1825.5,1820.39,1820.88,22736.065
2023-05-23 05:45:00,1820.88,1821.44,1819.19,1819.95,7522.4
2023-05-23 06:00:00,1819.94,1822.99,1819.79,1820.96,13056.375
2023-05-23 06:15:00,1820.96,1821.31,1819.26,1819.8,8046.023
2023-05-23 06:30:00,1819.8,1819.93,1817.77,1819.9,8731.193
2023-05-23 06:45:00,1819.9,1819.91,1817.61,1817.61,5433.143
2023-05-23 07:00:00,1817.62,1818.67,1816.74,1818.29,11595.335
2023-05-23 07:15:00,1818.29,1818.6,1816.35,1817.14,7738.303
2023-05-23 07:30:00,1817.14,1817.69,1816.34,1817.58,6118.452
2023-05-23 07:45:00,1817.57,1817.76,1816.02,1816.67,4682.74
2023-05-23 08:00:00,1816.68,1818.17,1816.67,1817.78,11162.507
2023-05-23 08:15:00,1817.78,1819.6,1816.89,1819.58,11220.217
2023-05-23 08:30:00,1819.58,1823.38,1819.44,1820.81,33606.431
2023-05-23 08:45:00,1820.81,1820.98,1814.25,1815.45,29855.655
2023-05-23 09:00:00,1815.44,1818.01,1814.39,1817.56,27061.881
2023-05-23 09:15:00,1817.55,1835.93,1817.42,1831.64,110161.438
2023-05-23 09:30:00,1831.64,1843.99,1831.58,1838.09,183969.878
2023-05-23 09:45:00,1838.09,1841.2,1832.4,1834.0,74825.507
2023-05-23 10:00:00,1834.0,1838.98,1833.99,1838.1,33399.161
2023-05-23 10:15:00,1838.11,1840.64,1837.11,1838.92,30758.106
2023-05-23 10:30:00,1838.93,1840.0,1835.78,1836.94,25854.079
2023-05-23 10:45:00,1836.93,1845.89,1836.93,1841.77,41136.186
2023-05-23 11:00:00,1841.76,1850.0,1840.59,1845.42,92604.364
2023-05-23 11:15:00,1845.43,1874.23,1844.98,1862.81,274161.248
2023-05-23 11:30:00,1862.8,1868.74,1862.8,1865.95,64819.18
2023-05-23 11:45:00,1865.94,1868.16,1863.03,1864.95,47564.056
2023-05-23 12:00:00,1864.96,1868.37,1860.0,1860.29,66694.358
2023-05-23 12:15:00,1860.29,1863.24,1860.28,1861.25,22661.181
2023-05-23 12:30:00,1861.24,1862.72,1854.0,1856.85,71211.344
2023-05-23 12:45:00,1856.86,1858.31,1855.0,1856.8,31849.795
2023-05-23 13:00:00,1856.81,1859.54,1855.86,1858.65,27279.32
2023-05-23 13:15:00,1858.66,1861.92,1855.0,1855.47,27987.963
2023-05-23 13:30:00,1855.48,1859.11,1855.14,1857.21,23252.561
2023-05-23 13:45:00,1857.2,1860.68,1857.0,1857.09,22710.466
2023-05-23 14:00:00,1857.1,1861.67,1857.1,1860.78,32330.637
2023-05-23 14:15:00,1860.79,1861.8,1857.62,1857.62,15497.269
2023-05-23 14:30:00,1857.62,1858.49,1853.03,1855.81,32708.19
2023-05-23 14:45:00,1855.81,1856.55,1854.13,1855.52,14780.502
2023-05-23 15:00:00,1855.53,1856.4,1852.22,1852.47,19576.68
2023-05-23 15:15:00,1852.48,1855.89,1852.22,1852.28,19085.21
2023-05-23 15:30:00,1852.27,1853.4,1845.0,1852.52,71220.502
2023-05-23 15:45:00,1852.52,1853.9,1850.48,1853.89,17895.734
2023-05-23 16:00:00,1853.89,1854.86,1850.1,1851.07,21128.307
2023-05-23 16:15:00,1851.07,1853.68,1848.85,1853.67,17610.095
2023-05-23 16:30:00,1853.68,1856.55,1852.89,1854.8,23779.721
2023-05-23 16:45:00,1854.79,1857.43,1854.6,1855.5,16860.238
2023-05-23 17:00:00,1855.5,1856.81,1853.72,1853.79,13254.892
2023-05-23 17:15:00,1853.79,1854.35,1852.94,1853.8,14514.4
2023-05-23 17:30:00,1853.8,1855.24,1852.05,1853.6,13284.513
2023-05-23 17:45:00,1853.6,1855.5,1853.6,1854.4,9193.255
2023-05-23 18:00:00,1854.4,1855.45,1852.45,1854.91,13527.109
2023-05-23 18:15:00,1854.92,1856.63,1854.86,1855.98,16422.938
2023-05-23 18:30:00,1855.99,1856.4,1854.06,1855.48,9685.846
2023-05-23 18:45:00,1855.48,1856.89,1854.21,1856.42,14873.076
2023-05-23 19:00:00,1856.42,1857.08,1851.87,1853.71,18702.463
2023-05-23 19:15:00,1853.71,1855.98,1853.51,1855.74,9474.412
2023-05-23 19:30:00,1855.74,1856.02,1853.5,1854.24,9736.12
2023-05-23 19:45:00,1854.24,1855.11,1852.95,1854.32,9706.235
2023-05-23 20:00:00,1854.32,1855.44,1851.5,1853.51,30857.244
2023-05-23 20:15:00,1853.51,1855.76,1852.95,1855.76,12117.743
2023-05-23 20:30:00,1855.75,1855.85,1850.9,1851.46,18055.573
2023-05-23 20:45:00,1851.47,1852.5,1847.83,1851.08,41517.963
2023-05-23 21:00:00,1851.07,1851.89,1848.96,1850.91,25439.24
2023-05-23 21:15:00,1850.9,1853.09,1846.3,1849.19,43046.084
2023-05-23 21:30:00,1849.2,1851.4,1840.54,1844.94,101508.378
2023-05-23 21:45:00,1844.94,1846.92,1841.01,1846.53,59289.789
2023-05-23 22:00:00,1846.53,1850.5,1845.72,1849.08,35631.442
2023-05-23 22:15:00,1849.07,1853.97,1848.0,1849.75,37826.7
2023-05-23 22:30:00,1849.74,1853.43,1849.19,1853.24,21905.745
2023-05-23 22:45:00,1853.23,1856.46,1850.42,1855.23,39202.833
2023-05-23 23:00:00,1855.24,1856.1,1853.36,1854.09,20914.498
2023-05-23 23:15:00,1854.1,1860.0,1853.87,1857.26,32622.878
2023-05-23 23:30:00,1857.26,1858.91,1853.31,1855.75,21275.005
2023-05-23 23:45:00,1855.76,1856.69,1854.46,1856.3,9118.087
2023-05-24 00:00:00,1856.3,1856.92,1853.08,1855.21,21127.68
2023-05-24 00:15:00,1855.21,1855.21,1852.17,1853.06,16916.578
2023-05-24 00:30:00,1853.06,1854.17,1849.27,1851.0,30865.513
2023-05-24 00:45:00,1851.0,1851.66,1848.68,1849.07,29432.081
2023-05-24 01:00:00,1849.08,1852.2,1849.07,1850.89,14178.799
2023-05-24 01:15:00,1850.89,1852.66,1846.68,1847.62,19012.665
2023-05-24 01:30:00,1847.62,1850.45,1846.99,1848.98,25790.435
2023-05-24 01:45:00,1848.99,1849.94,1847.31,1848.96,14795.829
2023-05-24 02:00:00,1848.96,1851.25,1848.31,1849.48,15534.417
2023-05-24 02:15:00,1849.48,1850.04,1843.74,1845.52,41624.801
2023-05-24 02:30:00,1845.52,1849.53,1845.5,1848.39,19876.206
2023-05-24 02:45:00,1848.4,1848.4,1844.08,1844.71,17653.798
2023-05-24 03:00:00,1844.71,1850.55,1841.24,1850.0,46438.375
2023-05-24 03:15:00,1849.99,1850.66,1847.82,1849.51,12667.541
2023-05-24 03:30:00,1849.5,1851.5,1849.37,1850.45,12774.09
2023-05-24 03:45:00,1850.45,1852.63,1850.34,1850.82,16760.558
2023-05-24 04:00:00,1850.82,1852.1,1849.87,1850.89,9505.737
2023-05-24 04:15:00,1850.9,1851.66,1849.58,1850.48,7562.855
2023-05-24 04:30:00,1850.48,1850.75,1847.29,1850.25,12985.704
2023-05-24 04:45:00,1850.26,1856.75,1850.25,1853.89,37299.846
2023-05-24 05:00:00,1853.9,1855.15,1850.4,1854.24,21517.536
2023-05-24 05:15:00,1854.24,1854.25,1851.56,1852.5,8553.873
2023-05-24 05:30:00,1852.5,1852.83,1849.18,1849.36,5590.646
2023-05-24 05:45:00,1849.37,1850.43,1848.03,1848.48,8848.377
2023-05-24 06:00:00,1848.48,1851.07,1845.06,1851.04,19867.891
2023-05-24 06:15:00,1851.05,1851.18,1850.09,1851.0,5007.845
2023-05-24 06:30:00,1850.99,1852.16,1850.4,1851.49,6812.468
2023-05-24 06:45:00,1851.49,1853.83,1850.62,1853.5,11595.492
2023-05-24 07:00:00,1853.5,1854.24,1852.06,1852.58,6770.909
2023-05-24 07:15:00,1852.58,1856.75,1852.12,1854.83,15106.393
2023-05-24 07:30:00,1854.83,1855.84,1852.62,1853.16,7041.799
2023-05-24 07:45:00,1853.17,1853.52,1852.07,1853.36,4699.516
2023-05-24 08:00:00,1853.37,1853.5,1850.72,1851.46,13365.241
2023-05-24 08:15:00,1851.46,1852.78,1849.27,1852.56,13505.191
2023-05-24 08:30:00,1852.56,1852.57,1848.29,1849.07,14291.91
2023-05-24 08:45:00,1849.06,1849.54,1846.49,1848.88,20183.356
2023-05-24 09:00:00,1848.89,1850.29,1846.56,1850.29,14382.882
2023-05-24 09:15:00,1850.29,1850.29,1846.69,1847.9,12352.606
2023-05-24 09:30:00,1847.9,1849.2,1845.2,1849.1,23729.401
2023-05-24 09:45:00,1849.1,1849.11,1843.1,1844.55,55460.56
2023-05-24 10:00:00,1844.55,1846.63,1843.25,1846.51,16534.158
2023-05-24 10:15:00,1846.51,1847.0,1844.61,1845.53,10071.277
2023-05-24 10:30:00,1845.53,1845.99,1844.43,1845.08,9790.574
2023-05-24 10:45:00,1845.08,1846.0,1844.66,1845.2,11951.483
2023-05-24 11:00:00,1845.19,1845.61,1834.7,1840.61,91147.231
2023-05-24 11:15:00,1840.6,1841.78,1828.0,1832.49,155570.78
2023-05-24 11:30:00,1832.5,1833.51,1810.0,1818.76,294516.245
2023-05-24 11:45:00,1818.76,1821.96,1815.82,1820.85,78725.553
2023-05-24 12:00:00,1820.84,1822.0,1816.68,1819.12,49119.636
2023-05-24 12:15:00,1819.12,1820.47,1819.0,1820.09,21170.581
2023-05-24 12:30:00,1820.09,1826.75,1819.54,1824.71,53304.367
2023-05-24 12:45:00,1824.71,1826.65,1823.92,1826.38,27761.729
2023-05-24 13:00:00,1826.37,1827.31,1825.0,1825.0,25441.947
2023-05-24 13:15:00,1825.0,1827.54,1824.62,1827.02,15355.914
2023-05-24 13:30:00,1827.02,1827.03,1823.22,1824.49,30411.994
2023-05-24 13:45:00,1824.49,1825.54,1823.09,1825.52,22691.463
2023-05-24 14:00:00,1825.52,1825.84,1822.0,1823.48,17772.524
2023-05-24 14:15:00,1823.48,1823.48,1819.0,1821.2,29884.93
2023-05-24 14:30:00,1821.2,1822.42,1818.03,1820.88,25090.89
2023-05-24 14:45:00,1820.88,1820.92,1817.0,1820.92,39523.353
2023-05-24 15:00:00,1820.92,1822.83,1819.3,1821.97,30515.168
2023-05-24 15:15:00,1821.97,1822.04,1817.01,1819.07,25327.815
2023-05-24 15:30:00,1819.08,1819.47,1815.0,1817.89,29353.835
2023-05-24 15:45:00,1817.88,1818.21,1812.22,1813.35,37974.174
2023-05-24 16:00:00,1813.34,1816.48,1812.28,1815.4,38067.602
2023-05-24 16:15:00,1815.41,1816.95,1814.74,1815.45,19146.715
2023-05-24 16:30:00,1815.46,1816.8,1814.63,1816.29,26556.12
2023-05-24 16:45:00,1816.29,1818.0,1815.25,1817.8,19913.259
2023-05-24 17:00:00,1817.8,1819.07,1816.88,1818.84,17935.568
2023-05-24 17:15:00,1818.84,1820.74,1817.97,1818.01,29204.221
2023-05-24 17:30:00,1818.01,1818.09,1816.09,1817.55,13512.038
2023-05-24 17:45:00,1817.56,1818.0,1814.75,1816.03,14809.8
2023-05-24 18:00:00,1816.03,1816.79,1815.14,1815.74,12331.05
2023-05-24 18:15:00,1815.74,1815.74,1813.25,1813.51,18649.072
2023-05-24 18:30:00,1813.5,1815.6,1812.22,1815.01,29219.342
2023-05-24 18:45:00,1815.01,1815.79,1814.25,1815.0,11602.063
2023-05-24 19:00:00,1815.01,1815.42,1812.84,1813.36,14720.239
2023-05-24 19:15:00,1813.37,1817.57,1808.34,1811.04,53756.276
2023-05-24 19:30:00,1811.04,1813.69,1810.0,1813.02,18762.738
2023-05-24 19:45:00,1813.02,1815.37,1813.01,1815.37,15590.724
2023-05-24 20:00:00,1815.36,1816.34,1813.0,1816.34,18126.668
2023-05-24 20:15:00,1816.34,1817.34,1815.81,1816.72,14517.375
2023-05-24 20:30:00,1816.72,1817.77,1814.08,1817.36,15280.55
2023-05-24 20:45:00,1817.36,1817.51,1815.5,1815.77,10677.797
2023-05-24 21:00:00,1815.77,1817.79,1815.04,1816.39,12235.505
2023-05-24 21:15:00,1816.4,1816.61,1812.33,1814.46,23067.804
2023-05-24 21:30:00,1814.45,1815.81,1810.0,1812.06,32295.297
2023-05-24 21:45:00,1812.06,1813.78,1785.0,1802.26,312835.582
2023-05-24 22:00:00,1802.25,1802.25,1775.0,1791.04,244066.542
2023-05-24 22:15:00,1791.03,1792.18,1783.1,1786.62,85763.829
2023-05-24 22:30:00,1786.61,1792.76,1785.0,1790.94,58510.999
2023-05-24 22:45:00,1790.94,1791.07,1784.11,1786.44,42909.782
2023-05-24 23:00:00,1786.45,1786.5,1779.75,1784.99,114543.42
2023-05-24 23:15:00,1785.0,1794.36,1784.4,1792.91,75797.639
2023-05-24 23:30:00,1792.9,1794.8,1788.25,1790.71,47014.488
2023-05-24 23:45:00,1790.72,1793.2,1790.0,1792.51,32841.34
2023-05-25 00:00:00,1792.5,1793.07,1789.2,1790.38,34580.278
2023-05-25 00:15:00,1790.38,1790.38,1786.03,1786.41,35440.117
2023-05-25 00:30:00,1786.41,1788.32,1783.33,1785.2,26049.852
2023-05-25 00:45:00,1785.19,1788.78,1784.7,1788.78,20783.319
2023-05-25 01:00:00,1788.78,1788.78,1783.76,1786.0,23727.264
2023-05-25 01:15:00,1786.01,1792.06,1785.78,1790.08,28230.997
2023-05-25 01:30:00,1790.08,1794.6,1789.51,1794.14,26663.335
2023-05-25 01:45:00,1794.14,1794.88,1791.07,1791.97,20838.076
2023-05-25 02:00:00,1791.98,1794.0,1788.0,1790.07,33768.829
2023-05-25 02:15:00,1790.07,1790.52,1785.38,1787.25,18382.579
2023-05-25 02:30:00,1787.25,1789.76,1786.49,1789.48,11000.134
2023-05-25 02:45:00,1789.48,1790.37,1786.71,1787.32,12583.057
2023-05-25 03:00:00,1787.33,1788.38,1785.02,1788.3,15578.782
2023-05-25 03:15:00,1788.29,1793.7,1787.66,1792.54,28133.989
2023-05-25 03:30:00,1792.55,1797.93,1792.54,1793.99,47661.878
2023-05-25 03:45:00,1793.99,1794.63,1790.52,1791.91,22713.184
2023-05-25 04:00:00,1791.91,1793.0,1790.61,1792.0,13601.296
2023-05-25 04:15:00,1792.0,1801.99,1791.91,1801.97,57514.787
2023-05-25 04:30:00,1801.97,1807.42,1799.07,1799.15,72638.973
2023-05-25 04:45:00,1799.16,1808.98,1797.39,1804.11,58510.605
2023-05-25 05:00:00,1804.1,1808.56,1804.1,1806.34,33607.939
2023-05-25 05:15:00,1806.34,1806.76,1802.58,1804.03,13138.006
2023-05-25 05:30:00,1804.04,1804.94,1801.01,1802.22,12554.028
2023-05-25 05:45:00,1802.22,1802.23,1790.34,1799.77,43544.026
2023-05-25 06:00:00,1799.78,1801.97,1798.93,1800.57,15924.396
2023-05-25 06:15:00,1800.57,1802.92,1798.09,1798.1,10205.16
2023-05-25 06:30:00,1798.11,1799.8,1796.55,1798.57,13865.977
2023-05-25 06:45:00,1798.56,1800.0,1797.67,1798.51,6727.035
2023-05-25 07:00:00,1798.52,1802.39,1797.57,1801.94,14011.957
2023-05-25 07:15:00,1801.93,1802.0,1798.33,1798.71,8289.548
2023-05-25 07:30:00,1798.72,1802.5,1798.71,1802.0,8084.439
2023-05-25 07:45:00,1802.0,1802.5,1798.8,1798.84,8859.743
2023-05-25 08:00:00,1798.84,1807.2,1798.07,1801.81,60436.695
2023-05-25 08:15:00,1801.81,1802.66,1796.74,1799.66,24586.142
2023-05-25 08:30:00,1799.66,1799.92,1792.26,1792.33,26127.619
2023-05-25 08:45:00,1792.33,1794.85,1789.89,1791.67,30243.867
2023-05-25 09:00:00,1791.68,1798.05,1786.5,1789.85,41357.854
2023-05-25 09:15:00,1789.85,1789.97,1758.0,1768.0,247870.97
2023-05-25 09:30:00,1767.99,1779.35,1766.8,1775.55,93237.249
2023-05-25 09:45:00,1775.55,1779.59,1772.3,1776.21,33883.624
2023-05-25 10:00:00,1776.2,1779.46,1774.21,1778.95,20088.787
2023-05-25 10:15:00,1778.95,1779.52,1775.1,1775.51,15791.608
2023-05-25 10:30:00,1775.51,1778.28,1773.8,1777.8,18855.668
2023-05-25 10:45:00,1777.79,1778.9,1776.57,1778.89,10353.893
2023-05-25 11:00:00,1778.89,1782.36,1777.11,1777.65,28757.517
2023-05-25 11:15:00,1777.65,1779.91,1775.27,1779.84,22871.434
2023-05-25 11:30:00,1779.84,1780.29,1778.28,1779.92,12652.142
2023-05-25 11:45:00,1779.91,1781.0,1779.72,1780.19,13377.394
2023-05-25 12:00:00,1780.18,1781.43,1772.3,1777.61,53768.902
2023-05-25 12:15:00,1777.6,1779.88,1776.26,1777.89,20439.516
2023-05-25 12:30:00,1777.89,1779.89,1777.29,1777.89,9475.65
2023-05-25 12:45:00,1777.88,1778.34,1776.7,1777.99,8855.884
2023-05-25 13:00:00,1777.99,1779.31,1777.54,1778.16,8276.203
2023-05-25 13:15:00,1778.15,1781.2,1777.34,1781.11,13626.098
2023-05-25 13:30:00,1781.1,1781.58,1778.68,1779.34,10861.87
2023-05-25 13:45:00,1779.34,1783.87,1779.33,1783.75,28502.64
2023-05-25 14:00:00,1783.75,1786.93,1782.99,1783.25,43023.878
2023-05-25 14:15:00,1783.26,1784.4,1782.61,1783.94,11409.162
2023-05-25 14:30:00,1783.93,1784.75,1781.95,1782.45,9804.444
2023-05-25 14:45:00,1782.45,1784.82,1782.0,1783.51,14393.062
2023-05-25 15:00:00,1783.51,1784.45,1781.3,1782.7,16819.928
2023-05-25 15:15:00,1782.71,1783.39,1781.12,1782.21,13454.795
2023-05-25 15:30:00,1782.21,1782.48,1776.19,1778.58,39828.233
2023-05-25 15:45:00,1778.57,1780.24,1777.13,1777.9,31638.614
2023-05-25 16:00:00,1777.89,1784.19,1777.81,1781.43,29040.611
2023-05-25 16:15:00,1781.43,1785.56,1781.43,1785.16,21697.223
2023-05-25 16:30:00,1785.16,1786.28,1783.29,1785.0,16237.363
2023-05-25 16:45:00,1784.99,1785.29,1783.22,1784.21,11166.102
2023-05-25 17:00:00,1784.2,1786.84,1784.2,1785.63,14960.147
2023-05-25 17:15:00,1785.62,1786.99,1784.19,1785.91,11497.307
2023-05-25 17:30:00,1785.91,1787.5,1785.0,1785.55,10644.656
2023-05-25 17:45:00,1785.55,1787.3,1785.03,1786.29,14952.016
2023-05-25 18:00:00,1786.28,1787.35,1784.71,1785.09,15047.159
2023-05-25 18:15:00,1785.08,1787.28,1784.82,1786.88,12377.335
2023-05-25 18:30:00,1786.88,1789.73,1784.46,1784.46,21003.25
2023-05-25 18:45:00,1784.47,1785.19,1783.39,1785.19,9451.619
2023-05-25 19:00:00,1785.19,1786.92,1785.19,1786.1,10284.231
2023-05-25 19:15:00,1786.1,1787.47,1781.46,1781.47,20585.858
2023-05-25 19:30:00,1781.47,1783.21,1781.34,1782.91,18867.883
2023-05-25 19:45:00,1782.91,1792.51,1782.75,1788.63,41157.853
2023-05-25 20:00:00,1788.64,1819.93,1788.64,1803.01,204672.998
2023-05-25 20:15:00,1803.0,1807.71,1801.26,1801.98,71411.748
2023-05-25 20:30:00,1801.97,1804.12,1797.43,1800.77,57642.624
2023-05-25 20:45:00,1800.78,1801.6,1797.62,1800.87,25781.642
2023-05-25 21:00:00,1800.86,1803.06,1799.1,1801.7,21973.626
2023-05-25 21:15:00,1801.7,1805.43,1800.54,1801.28,29417.478
2023-05-25 21:30:00,1801.29,1803.17,1793.61,1797.63,60792.801
2023-05-25 21:45:00,1797.64,1799.22,1793.56,1798.87,41199.637
2023-05-25 22:00:00,1798.87,1802.9,1792.81,1794.63,54719.011
2023-05-25 22:15:00,1794.64,1800.85,1793.0,1798.56,33870.328
2023-05-25 22:30:00,1798.57,1801.48,1796.76,1799.8,29456.771
2023-05-25 22:45:00,1799.8,1802.56,1797.43,1798.72,29065.527
2023-05-25 23:00:00,1798.72,1800.78,1796.78,1798.0,19999.749
2023-05-25 23:15:00,1797.99,1799.93,1790.97,1792.82,43880.982
2023-05-25 23:30:00,1792.82,1793.66,1785.7,1790.02,67231.418
2023-05-25 23:45:00,1790.01,1792.06,1788.0,1790.63,21201.516
2023-05-26 00:00:00,1790.63,1794.51,1790.31,1794.14,40089.655
2023-05-26 00:15:00,1794.14,1798.75,1793.09,1795.82,39226.254
2023-05-26 00:30:00,1795.82,1798.2,1794.99,1797.55,30754.999
2023-05-26 00:45:00,1797.56,1798.38,1795.6,1796.31,13249.289
2023-05-26 01:00:00,1796.31,1798.88,1795.14,1795.18,21292.328
2023-05-26 01:15:00,1795.18,1801.67,1794.83,1800.14,27843.502
2023-05-26 01:30:00,1800.13,1804.66,1800.13,1802.19,41252.622
2023-05-26 01:45:00,1802.18,1806.44,1801.3,1804.0,23950.934
2023-05-26 02:00:00,1803.99,1809.88,1802.82,1802.93,48429.729
2023-05-26 02:15:00,1802.93,1806.76,1802.62,1805.75,22651.251
2023-05-26 02:30:00,1805.75,1807.05,1803.92,1804.91,22743.368
2023-05-26 02:45:00,1804.9,1805.4,1802.51,1804.77,16208.185
2023-05-26 03:00:00,1804.76,1818.71,1803.54,1813.18,106581.911
2023-05-26 03:15:00,1813.19,1815.42,1810.32,1810.46,48490.04
2023-05-26 03:30:00,1810.46,1810.8,1806.2,1808.61,39294.295
2023-05-26 03:45:00,1808.6,1810.12,1807.62,1808.05,14509.467
2023-05-26 04:00:00,1808.04,1813.3,1808.04,1812.31,48832.879
2023-05-26 04:15:00,1812.31,1812.31,1808.6,1810.06,11689.541
2023-05-26 04:30:00,1810.06,1810.48,1808.35,1809.4,10334.892
2023-05-26 04:45:00,1809.41,1810.0,1808.44,1808.99,9261.337
2023-05-26 05:00:00,1808.98,1808.99,1806.02,1806.49,15653.032
2023-05-26 05:15:00,1806.49,1807.4,1806.08,1806.4,8300.691
2023-05-26 05:30:00,1806.4,1807.64,1804.93,1805.51,7863.251
2023-05-26 05:45:00,1805.52,1807.32,1805.51,1806.94,5914.467
2023-05-26 06:00:00,1806.94,1808.83,1806.61,1808.0,12201.021
2023-05-26 06:15:00,1808.0,1808.89,1805.35,1806.55,9345.046
2023-05-26 06:30:00,1806.55,1807.07,1805.42,1805.42,7861.219
2023-05-26 06:45:00,1805.42,1806.93,1805.42,1806.49,6275.229
2023-05-26 07:00:00,1806.49,1810.24,1806.49,1810.22,15329.149
2023-05-26 07:15:00,1810.22,1811.94,1806.08,1806.91,20876.292
2023-05-26 07:30:00,1806.91,1807.05,1804.8,1805.21,11380.474
2023-05-26 07:45:00,1805.21,1805.92,1804.65,1804.65,9393.51
2023-05-26 08:00:00,1804.65,1805.53,1802.76,1804.54,17128.354
2023-05-26 08:15:00,1804.55,1807.74,1804.54,1806.85,16035.979
2023-05-26 08:30:00,1806.84,1807.12,1802.91,1804.44,10283.173
2023-05-26 08:45:00,1804.43,1806.4,1801.15,1804.59,27762.666
2023-05-26 09:00:00,1804.59,1807.32,1804.05,1806.08,18538.437
2023-05-26 09:15:00,1806.08,1808.6,1795.99,1800.28,54537.656
2023-05-26 09:30:00,1800.28,1802.34,1798.51,1798.8,19442.215
2023-05-26 09:45:00,1798.8,1801.96,1796.0,1801.14,27203.349
2023-05-26 10:00:00,1801.13,1803.28,1800.53,1800.67,11341.973
2023-05-26 10:15:00,1800.68,1802.88,1800.0,1801.94,7286.836
2023-05-26 10:30:00,1801.94,1803.85,1801.8,1802.26,6672.361
2023-05-26 10:45:00,1802.26,1803.72,1800.12,1800.87,12276.178
2023-05-26 11:00:00,1800.87,1803.2,1800.45,1803.12,10253.166
2023-05-26 11:15:00,1803.12,1804.6,1803.12,1803.31,7984.433
2023-05-26 11:30:00,1803.3,1807.92,1803.19,1804.83,13887.881
2023-05-26 11:45:00,1804.82,1807.51,1804.65,1806.43,10627.554
2023-05-26 12:00:00,1806.44,1808.55,1806.43,1807.06,11564.03
2023-05-26 12:15:00,1807.07,1807.32,1804.8,1805.05,11178.632
2023-05-26 12:30:00,1805.05,1807.35,1804.8,1806.69,7939.291
2023-05-26 12:45:00,1806.69,1807.78,1806.5,1807.56,5924.407
2023-05-26 13:00:00,1807.55,1808.24,1805.53,1805.56,8700.307
2023-05-26 13:15:00,1805.56,1805.91,1803.41,1804.63,11961.622
2023-05-26 13:30:00,1804.63,1805.34,1803.0,1805.23,8701.466
2023-05-26 13:45:00,1805.23,1805.23,1801.66,1802.35,15577.481
2023-05-26 14:00:00,1802.34,1803.9,1800.77,1803.9,12023.481
2023-05-26 14:15:00,1803.9,1806.78,1803.89,1806.23,15001.993
2023-05-26 14:30:00,1806.22,1807.33,1805.33,1807.32,13498.217
2023-05-26 14:45:00,1807.31,1812.77,1807.08,1810.96,31451.696
2023-05-26 15:00:00,1810.96,1811.29,1808.66,1809.81,18620.301
2023-05-26 15:15:00,1809.82,1811.62,1808.63,1809.49,17996.15
2023-05-26 15:30:00,1809.49,1812.46,1809.25,1811.85,16834.572
2023-05-26 15:45:00,1811.85,1816.52,1811.49,1815.66,42330.778
2023-05-26 16:00:00,1815.66,1816.57,1812.57,1815.19,35009.51
2023-05-26 16:15:00,1815.2,1815.49,1813.74,1815.18,14296.76
2023-05-26 16:30:00,1815.17,1818.0,1812.96,1814.36,26893.773
2023-05-26 16:45:00,1814.36,1816.8,1812.45,1813.41,27672.434
2023-05-26 17:00:00,1813.4,1813.64,1811.4,1812.02,20169.145
2023-05-26 17:15:00,1812.02,1813.2,1810.73,1810.73,12229.261
2023-05-26 17:30:00,1810.73,1812.9,1810.73,1812.52,7904.23
2023-05-26 17:45:00,1812.51,1813.34,1811.32,1812.52,9664.137
2023-05-26 18:00:00,1812.52,1812.53,1811.17,1811.17,5935.196
2023-05-26 18:15:00,1811.17,1812.67,1810.12,1811.63,10063.301
2023-05-26 18:30:00,1811.63,1813.97,1811.39,1812.97,9927.956
2023-05-26 18:45:00,1812.97,1812.99,1812.31,1812.68,4519.763
2023-05-26 19:00:00,1812.68,1813.65,1811.18,1813.26,11828.092
2023-05-26 19:15:00,1813.25,1813.8,1811.7,1813.22,9766.199
2023-05-26 19:30:00,1813.22,1813.23,1810.65,1810.87,6701.446
2023-05-26 19:45:00,1810.87,1815.41,1810.5,1811.46,19921.993
2023-05-26 20:00:00,1811.45,1813.46,1811.16,1813.46,10970.236
2023-05-26 20:15:00,1813.45,1815.97,1812.75,1814.5,15430.01
2023-05-26 20:30:00,1814.5,1826.0,1807.81,1811.46,150209.232
2023-05-26 20:45:00,1811.46,1815.23,1811.15,1813.79,27573.805
2023-05-26 21:00:00,1813.78,1819.86,1813.78,1817.99,47022.291
2023-05-26 21:15:00,1817.99,1818.94,1815.6,1817.17,21643.751
2023-05-26 21:30:00,1817.18,1827.99,1817.17,1822.91,102192.458
2023-05-26 21:45:00,1822.92,1824.88,1821.19,1822.4,45757.785
2023-05-26 22:00:00,1822.4,1827.32,1818.44,1821.13,66128.482
2023-05-26 22:15:00,1821.13,1836.0,1821.08,1831.15,128965.869
2023-05-26 22:30:00,1831.14,1837.93,1828.02,1828.41,109435.481
2023-05-26 22:45:00,1828.42,1831.8,1827.5,1828.92,41031.273
2023-05-26 23:00:00,1828.92,1834.42,1828.5,1834.06,38078.215
2023-05-26 23:15:00,1834.06,1835.0,1830.93,1834.42,28937.944
2023-05-26 23:30:00,1834.41,1836.77,1831.69,1832.35,31050.13
2023-05-26 23:45:00,1832.35,1833.36,1829.04,1829.85,30183.304
2023-05-27 00:00:00,1829.84,1831.41,1827.93,1827.99,25432.097
2023-05-27 00:15:00,1828.0,1831.38,1827.99,1830.93,21912.052
2023-05-27 00:30:00,1830.92,1831.06,1828.2,1828.46,17163.897
2023-05-27 00:45:00,1828.47,1829.21,1827.0,1827.36,21773.087
2023-05-27 01:00:00,1827.36,1828.63,1826.58,1828.62,14374.624
2023-05-27 01:15:00,1828.63,1829.77,1825.08,1826.36,25179.285
2023-05-27 01:30:00,1826.36,1826.46,1823.31,1824.4,24354.03
2023-05-27 01:45:00,1824.4,1824.63,1821.29,1823.3,30087.034
2023-05-27 02:00:00,1823.3,1824.33,1821.3,1824.32,26587.755
2023-05-27 02:15:00,1824.33,1829.89,1823.34,1827.96,32656.05
2023-05-27 02:30:00,1827.95,1833.55,1826.64,1832.48,31812.333
2023-05-27 02:45:00,1832.48,1832.82,1830.04,1830.92,15876.747
2023-05-27 03:00:00,1830.91,1833.69,1830.91,1832.97,17085.844
2023-05-27 03:15:00,1832.98,1832.98,1830.12,1831.98,13277.309
2023-05-27 03:30:00,1831.97,1835.92,1831.97,1835.32,30064.489
2023-05-27 03:45:00,1835.32,1836.51,1833.91,1834.93,14887.268
2023-05-27 04:00:00,1834.93,1836.88,1832.1,1835.48,19478.8
2023-05-27 04:15:00,1835.48,1837.54,1834.0,1834.0,15470.619
2023-05-27 04:30:00,1834.0,1835.31,1834.0,1834.76,7527.614
2023-05-27 04:45:00,1834.76,1835.63,1833.21,1833.76,10108.331
2023-05-27 05:00:00,1833.77,1835.22,1831.92,1832.68,10488.132
2023-05-27 05:15:00,1832.68,1833.49,1831.62,1831.63,12754.041
2023-05-27 05:30:00,1831.62,1832.01,1830.18,1831.92,15399.719
2023-05-27 05:45:00,1831.93,1831.93,1830.14,1830.22,6514.46
2023-05-27 06:00:00,1830.21,1831.28,1830.12,1831.12,7156.181
2023-05-27 06:15:00,1831.11,1831.29,1830.28,1830.88,3808.115
2023-05-27 06:30:00,1830.88,1831.3,1828.04,1828.84,10915.98
2023-05-27 06:45:00,1828.84,1828.89,1825.0,1825.34,14397.313
2023-05-27 07:00:00,1825.34,1827.57,1825.34,1827.57,8736.457
2023-05-27 07:15:00,1827.57,1828.8,1826.8,1827.59,9016.301
2023-05-27 07:30:00,1827.59,1828.73,1827.58,1828.49,6337.819
2023-05-27 07:45:00,1828.49,1828.49,1826.8,1826.81,7044.041
2023-05-27 08:00:00,1826.81,1827.49,1825.65,1826.63,10410.04
2023-05-27 08:15:00,1826.62,1827.48,1825.33,1825.34,8196.287
2023-05-27 08:30:00,1825.33,1825.7,1823.91,1824.65,11238.327
2023-05-27 08:45:00,1824.66,1825.74,1824.39,1825.74,5886.926
2023-05-27 09:00:00,1825.73,1827.38,1825.55,1827.15,10136.006
2023-05-27 09:15:00,1827.16,1827.69,1826.34,1827.1,5715.423
2023-05-27 09:30:00,1827.1,1828.45,1826.98,1827.65,8194.351
2023-05-27 09:45:00,1827.64,1829.43,1827.07,1829.13,6927.511
2023-05-27 10:00:00,1829.13,1830.4,1827.41,1827.53,15297.619
2023-05-27 10:15:00,1827.54,1827.91,1825.44,1826.84,8667.204
2023-05-27 10:30:00,1826.84,1834.49,1825.66,1830.91,26976.985
2023-05-27 10:45:00,1830.91,1832.96,1829.51,1832.43,15123.125
2023-05-27 11:00:00,1832.43,1832.99,1830.96,1831.49,8620.49
2023-05-27 11:15:00,1831.49,1832.27,1830.51,1831.31,8262.349
2023-05-27 11:30:00,1831.3,1835.7,1831.1,1834.67,21601.785
2023-05-27 11:45:00,1834.68,1835.0,1832.62,1833.33,13905.417
2023-05-27 12:00:00,1833.33,1833.97,1832.43,1832.44,6568.818
2023-05-27 12:15:00,1832.43,1832.51,1830.03,1831.57,12727.633
2023-05-27 12:30:00,1831.57,1834.62,1831.32,1834.13,10379.85
2023-05-27 12:45:00,1834.14,1834.81,1833.3,1833.3,7244.551
2023-05-27 13:00:00,1833.3,1834.0,1832.45,1832.45,7063.341
2023-05-27 13:15:00,1832.46,1832.59,1830.33,1830.42,12494.118
2023-05-27 13:30:00,1830.41,1830.69,1828.12,1829.08,14806.723
2023-05-27 13:45:00,1829.09,1831.3,1829.08,1830.76,5436.802
2023-05-27 14:00:00,1830.75,1831.58,1830.19,1831.48,7194.943
2023-05-27 14:15:00,1831.48,1831.49,1829.17,1829.63,7707.594
2023-05-27 14:30:00,1829.63,1831.13,1829.57,1831.13,5832.266
2023-05-27 14:45:00,1831.12,1833.45,1830.79,1832.02,14605.079
2023-05-27 15:00:00,1832.02,1832.57,1831.3,1831.3,5217.077
2023-05-27 15:15:00,1831.3,1831.31,1829.43,1830.49,11737.443
2023-05-27 15:30:00,1830.49,1830.5,1829.2,1829.85,7275.175
2023-05-27 15:45:00,1829.86,1829.86,1827.33,1829.26,12141.334
2023-05-27 16:00:00,1829.25,1829.26,1826.06,1827.13,20012.566
2023-05-27 16:15:00,1827.12,1828.85,1825.46,1828.57,13684.945
2023-05-27 16:30:00,1828.56,1829.23,1825.27,1827.53,14240.41
2023-05-27 16:45:00,1827.53,1828.07,1825.84,1827.31,9027.291
2023-05-27 17:00:00,1827.31,1828.26,1826.83,1828.17,8504.015
2023-05-27 17:15:00,1828.17,1829.48,1827.87,1828.01,6949.853
2023-05-27 17:30:00,1828.01,1829.4,1827.52,1827.56,9769.334
2023-05-27 17:45:00,1827.56,1828.25,1825.37,1826.0,19243.355
2023-05-27 18:00:00,1825.99,1826.26,1823.56,1824.91,27318.244
2023-05-27 18:15:00,1824.91,1827.0,1824.55,1825.71,10299.5
2023-05-27 18:30:00,1825.7,1826.45,1824.68,1826.44,8246.887
2023-05-27 18:45:00,1826.45,1826.45,1824.59,1825.67,7571.004
2023-05-27 19:00:00,1825.67,1825.68,1821.42,1825.62,26454.315
2023-05-27 19:15:00,1825.61,1826.08,1824.9,1825.77,7021.317
2023-05-27 19:30:00,1825.76,1827.14,1825.1,1826.69,6974.557
2023-05-27 19:45:00,1826.68,1827.79,1825.74,1825.82,8606.097
2023-05-27 20:00:00,1825.81,1826.36,1823.52,1825.8,19658.336
2023-05-27 20:15:00,1825.79,1828.34,1825.17,1827.65,14189.134
2023-05-27 20:30:00,1827.66,1829.5,1827.01,1827.79,10984.085
2023-05-27 20:45:00,1827.79,1828.41,1827.0,1827.39,6357.929
2023-05-27 21:00:00,1827.39,1828.5,1827.03,1828.01,5561.021
2023-05-27 21:15:00,1828.02,1831.58,1827.62,1830.45,20283.762
2023-05-27 21:30:00,1830.44,1831.21,1828.13,1828.13,8711.13
2023-05-27 21:45:00,1828.14,1828.14,1810.63,1818.84,92102.834
2023-05-27 22:00:00,1818.85,1822.49,1816.85,1821.49,50259.061
2023-05-27 22:15:00,1821.49,1825.62,1819.14,1823.14,31759.039
2023-05-27 22:30:00,1823.13,1823.75,1822.04,1822.04,10161.003
2023-05-27 22:45:00,1822.04,1823.27,1820.77,1822.19,13543.683
2023-05-27 23:00:00,1822.19,1822.6,1820.41,1821.37,8233.204
2023-05-27 23:15:00,1821.37,1823.75,1821.36,1822.05,9398.815
2023-05-27 23:30:00,1822.04,1822.71,1821.64,1821.99,5575.929
2023-05-27 23:45:00,1821.99,1822.97,1821.88,1822.97,5329.281
2023-05-28 00:00:00,1822.96,1823.13,1820.67,1821.01,13217.322
2023-05-28 00:15:00,1821.0,1821.01,1818.0,1820.44,14521.001
2023-05-28 00:30:00,1820.43,1821.43,1815.84,1818.66,24063.331
2023-05-28 00:45:00,1818.65,1821.42,1818.59,1821.16,9379.036
2023-05-28 01:00:00,1821.15,1821.53,1820.04,1820.57,5808.758
2023-05-28 01:15:00,1820.57,1821.89,1819.72,1820.63,8057.562
2023-05-28 01:30:00,1820.62,1824.38,1820.48,1823.57,16531.472
2023-05-28 01:45:00,1823.58,1824.92,1822.96,1823.19,14751.357
2023-05-28 02:00:00,1823.19,1824.03,1823.06,1824.02,8275.326
2023-05-28 02:15:00,1824.02,1824.03,1822.27,1823.59,8748.409
2023-05-28 02:30:00,1823.59,1828.38,1822.96,1826.18,27602.745
2023-05-28 02:45:00,1826.18,1826.69,1819.07,1820.46,25307.356
2023-05-28 03:00:00,1820.46,1823.16,1820.38,1822.81,9920.565
2023-05-28 03:15:00,1822.8,1824.06,1822.68,1823.58,5445.401
2023-05-28 03:30:00,1823.58,1824.64,1823.0,1824.4,5521.005
2023-05-28 03:45:00,1824.4,1826.41,1823.87,1825.48,10900.021
2023-05-28 04:00:00,1825.47,1825.99,1824.7,1825.59,7845.822
2023-05-28 04:15:00,1825.59,1826.21,1824.67,1826.2,6273.386
2023-05-28 04:30:00,1826.2,1826.35,1824.41,1825.69,7584.564
2023-05-28 04:45:00,1825.69,1826.76,1824.78,1826.75,6109.286
2023-05-28 05:00:00,1826.75,1827.6,1825.15,1827.19,9784.313
2023-05-28 05:15:00,1827.2,1827.43,1823.25,1824.02,8853.593
2023-05-28 05:30:00,1824.02,1825.85,1824.01,1824.84,4932.206
2023-05-28 05:45:00,1824.85,1827.29,1824.84,1827.24,4489.219
2023-05-28 06:00:00,1827.23,1827.81,1826.67,1827.41,7314.671
2023-05-28 06:15:00,1827.42,1828.67,1826.44,1828.63,9604.212
2023-05-28 06:30:00,1828.62,1830.78,1828.04,1830.13,19151.589
2023-05-28 06:45:00,1830.14,1831.48,1828.46,1828.99,12526.2
2023-05-28 07:00:00,1828.98,1829.97,1828.78,1828.97,7535.93
2023-05-28 07:15:00,1828.97,1829.33,1827.87,1828.14,5700.837
2023-05-28 07:30:00,1828.14,1831.56,1827.31,1829.05,14374.908
2023-05-28 07:45:00,1829.05,1829.6,1828.85,1828.85,5181.573
2023-05-28 08:00:00,1828.85,1829.39,1826.31,1826.79,13602.11
2023-05-28 08:15:00,1826.8,1826.8,1822.31,1825.01,21337.712
2023-05-28 08:30:00,1825.0,1845.45,1824.55,1838.35,111921.377
2023-05-28 08:45:00,1838.36,1855.02,1834.83,1848.54,141032.522
2023-05-28 09:00:00,1848.54,1860.0,1848.54,1851.56,142478.505
2023-05-28 09:15:00,1851.56,1852.56,1848.02,1851.9,38526.966
2023-05-28 09:30:00,1851.89,1852.78,1845.79,1849.51,39860.996
2023-05-28 09:45:00,1849.5,1849.62,1846.9,1847.86,16073.415
2023-05-28 10:00:00,1847.86,1850.18,1847.07,1849.0,23029.663
2023-05-28 10:15:00,1849.0,1849.49,1847.71,1847.95,8976.806
2023-05-28 10:30:00,1847.95,1848.31,1845.0,1845.1,18723.025
2023-05-28 10:45:00,1845.1,1846.22,1844.5,1845.82,12155.776
2023-05-28 11:00:00,1845.83,1847.26,1844.81,1845.2,12492.79
2023-05-28 11:15:00,1845.19,1847.84,1845.19,1846.29,11248.223
2023-05-28 11:30:00,1846.29,1851.06,1846.0,1849.73,35077.348
2023-05-28 11:45:00,1849.73,1854.58,1849.28,1850.01,46248.51
2023-05-28 12:00:00,1850.0,1858.55,1850.0,1852.74,55889.741
2023-05-28 12:15:00,1852.75,1854.45,1849.4,1849.72,25323.328
2023-05-28 12:30:00,1849.71,1850.68,1848.35,1850.24,23013.258
2023-05-28 12:45:00,1850.23,1851.3,1847.76,1848.24,16960.379
2023-05-28 13:00:00,1848.23,1850.16,1847.93,1848.56,16112.946
2023-05-28 13:15:00,1848.57,1849.02,1847.39,1847.4,10240.594
2023-05-28 13:30:00,1847.39,1847.99,1845.39,1845.39,14337.59
2023-05-28 13:45:00,1845.39,1847.28,1845.34,1846.48,12010.995
2023-05-28 14:00:00,1846.48,1848.61,1846.33,1847.38,13993.919
2023-05-28 14:15:00,1847.39,1848.52,1846.08,1847.84,8198.318
2023-05-28 14:30:00,1847.85,1848.28,1847.2,1848.02,7789.072
2023-05-28 14:45:00,1848.02,1848.13,1844.06,1844.96,20315.09
2023-05-28 15:00:00,1844.96,1846.23,1844.96,1845.39,8274.609
2023-05-28 15:15:00,1845.38,1846.62,1844.13,1846.62,9465.299
2023-05-28 15:30:00,1846.61,1847.8,1845.47,1846.31,9458.29
2023-05-28 15:45:00,1846.31,1847.63,1846.05,1846.7,12169.746
2023-05-28 16:00:00,1846.71,1847.5,1844.71,1845.58,12893.12
2023-05-28 16:15:00,1845.59,1845.81,1842.76,1845.29,17342.438
2023-05-28 16:30:00,1845.29,1846.29,1842.08,1842.71,12731.363
2023-05-28 16:45:00,1842.7,1844.93,1842.25,1844.64,13908.229
2023-05-28 17:00:00,1844.64,1845.56,1843.84,1845.54,6720.065
2023-05-28 17:15:00,1845.54,1845.88,1844.1,1845.68,6773.783
2023-05-28 17:30:00,1845.68,1845.85,1843.08,1843.08,7183.458
2023-05-28 17:45:00,1843.08,1844.24,1842.64,1844.01,8167.633
2023-05-28 18:00:00,1844.0,1844.1,1842.29,1842.29,7662.463
2023-05-28 18:15:00,1842.29,1845.11,1842.25,1843.49,12400.204
2023-05-28 18:30:00,1843.49,1845.58,1843.18,1843.48,14139.054
2023-05-28 18:45:00,1843.49,1846.2,1843.23,1845.02,13226.304
2023-05-28 19:00:00,1845.02,1846.2,1844.75,1845.99,8882.54
2023-05-28 19:15:00,1845.99,1850.97,1842.27,1845.39,44698.513
2023-05-28 19:30:00,1845.39,1845.88,1842.27,1843.07,15331.614
2023-05-28 19:45:00,1843.08,1844.21,1842.52,1842.61,9245.854
2023-05-28 20:00:00,1842.6,1843.88,1842.52,1842.94,8887.647
2023-05-28 20:15:00,1842.94,1843.48,1840.23,1842.18,17926.071
2023-05-28 20:30:00,1842.18,1842.18,1836.5,1840.49,53057.493
2023-05-28 20:45:00,1840.48,1841.27,1838.75,1839.91,11871.494
2023-05-28 21:00:00,1839.92,1841.34,1839.8,1841.04,9519.557
2023-05-28 21:15:00,1841.04,1842.43,1840.43,1841.36,12566.617
2023-05-28 21:30:00,1841.35,1844.5,1841.35,1842.58,16767.514
2023-05-28 21:45:00,1842.58,1843.0,1842.08,1842.92,6516.394
2023-05-28 22:00:00,1842.91,1842.91,1841.58,1842.14,7228.555
2023-05-28 22:15:00,1842.14,1843.0,1838.82,1839.21,18529.441
2023-05-28 22:30:00,1839.2,1840.86,1838.28,1840.08,13465.295
2023-05-28 22:45:00,1840.08,1840.91,1838.41,1838.58,8611.682
2023-05-28 23:00:00,1838.57,1841.54,1835.66,1841.45,26098.276
2023-05-28 23:15:00,1841.45,1842.41,1839.56,1840.51,15599.964
2023-05-28 23:30:00,1840.5,1842.67,1840.11,1840.71,12532.803
2023-05-28 23:45:00,1840.71,1843.19,1840.27,1843.19,12563.476
2023-05-29 00:00:00,1843.18,1844.87,1841.72,1844.33,21581.873
2023-05-29 00:15:00,1844.32,1845.0,1838.3,1841.35,35180.347
2023-05-29 00:30:00,1841.35,1843.65,1840.38,1842.47,11145.992
2023-05-29 00:45:00,1842.46,1843.42,1842.16,1843.41,6060.139
2023-05-29 01:00:00,1843.41,1843.89,1840.75,1842.53,9786.021
2023-05-29 01:15:00,1842.53,1843.16,1841.95,1842.88,5079.622
2023-05-29 01:30:00,1842.88,1853.36,1842.36,1847.8,42230.641
2023-05-29 01:45:00,1847.8,1849.72,1844.79,1846.72,26503.665
2023-05-29 02:00:00,1846.72,1846.72,1842.81,1846.09,20907.619
2023-05-29 02:15:00,1846.1,1859.0,1845.8,1848.68,123189.929
2023-05-29 02:30:00,1848.68,1853.09,1844.15,1851.52,52974.414
2023-05-29 02:45:00,1851.48,1856.0,1848.75,1850.72,37854.871
2023-05-29 03:00:00,1850.72,1852.45,1847.09,1851.86,26199.097
2023-05-29 03:15:00,1851.85,1853.45,1848.95,1852.48,14996.327
2023-05-29 03:30:00,1852.48,1853.49,1846.07,1848.1,22827.437
2023-05-29 03:45:00,1848.09,1848.47,1844.32,1847.74,24378.058
2023-05-29 04:00:00,1847.74,1850.94,1847.53,1850.01,12217.337
2023-05-29 04:15:00,1850.0,1851.7,1849.82,1850.68,9794.008
2023-05-29 04:30:00,1850.68,1852.62,1850.47,1852.62,5666.009
2023-05-29 04:45:00,1852.61,1854.07,1851.69,1852.58,10351.452
2023-05-29 05:00:00,1852.57,1855.74,1852.57,1853.4,14670.141
2023-05-29 05:15:00,1853.4,1858.0,1853.27,1855.35,20513.659
2023-05-29 05:30:00,1855.34,1857.85,1853.83,1855.22,12981.699
2023-05-29 05:45:00,1855.21,1869.13,1855.16,1867.51,98505.944
2023-05-29 06:00:00,1867.5,1930.0,1867.5,1906.39,422169.87
2023-05-29 06:15:00,1906.39,1913.23,1904.54,1905.21,102752.649
2023-05-29 06:30:00,1905.22,1907.9,1901.59,1902.73,55203.828
2023-05-29 06:45:00,1902.74,1906.87,1900.71,1906.38,35811.843
2023-05-29 07:00:00,1906.37,1912.09,1906.21,1910.44,58799.387
2023-05-29 07:15:00,1910.44,1915.96,1906.25,1909.63,57150.137
2023-05-29 07:30:00,1909.62,1910.67,1908.12,1909.54,29735.834
2023-05-29 07:45:00,1909.55,1919.13,1907.31,1908.36,59165.007
2023-05-29 08:00:00,1908.36,1917.24,1907.71,1914.06,46204.03
2023-05-29 08:15:00,1914.07,1928.2,1912.41,1918.94,143776.708
2023-05-29 08:30:00,1918.94,1921.62,1915.09,1917.76,49516.452
2023-05-29 08:45:00,1917.76,1919.53,1913.6,1914.07,38389.922
2023-05-29 09:00:00,1914.08,1915.99,1912.29,1914.88,32914.925
2023-05-29 09:15:00,1914.88,1918.19,1912.75,1916.35,24671.024
2023-05-29 09:30:00,1916.34,1917.42,1912.34,1914.26,17595.324
2023-05-29 09:45:00,1914.27,1917.25,1914.06,1916.85,22029.242
2023-05-29 10:00:00,1916.85,1918.76,1913.53,1914.09,23915.86
2023-05-29 10:15:00,1914.09,1914.55,1910.15,1910.44,20936.39
2023-05-29 10:30:00,1910.44,1913.26,1908.58,1908.76,25407.183
2023-05-29 10:45:00,1908.76,1911.19,1908.31,1909.52,23201.762
2023-05-29 11:00:00,1909.51,1910.38,1906.36,1907.32,20582.055
2023-05-29 11:15:00,1907.33,1908.72,1905.8,1907.87,22075.846
2023-05-29 11:30:00,1907.88,1908.23,1903.72,1907.33,31175.921
2023-05-29 11:45:00,1907.33,1907.9,1900.42,1903.22,35364.539
2023-05-29 12:00:00,1903.21,1905.17,1898.71,1900.66,39910.443
2023-05-29 12:15:00,1900.67,1901.8,1893.9,1898.24,68687.882
2023-05-29 12:30:00,1898.24,1900.0,1893.23,1897.09,30862.838
2023-05-29 12:45:00,1897.09,1900.66,1895.0,1900.27,22209.318
2023-05-29 13:00:00,1900.26,1902.4,1898.82,1901.93,26125.047
2023-05-29 13:15:00,1901.92,1904.74,1900.91,1903.44,23709.016
2023-05-29 13:30:00,1903.44,1906.0,1901.92,1903.79,22308.607
2023-05-29 13:45:00,1903.79,1904.69,1901.53,1903.57,17521.86
2023-05-29 14:00:00,1903.57,1905.53,1902.39,1904.77,11837.668
2023-05-29 14:15:00,1904.77,1905.15,1900.96,1902.86,10132.611
2023-05-29 14:30:00,1902.85,1904.46,1901.9,1901.9,7294.867
2023-05-29 14:45:00,1901.91,1904.02,1901.9,1904.02,6053.691
2023-05-29 15:00:00,1904.02,1904.02,1900.71,1901.62,15073.96
2023-05-29 15:15:00,1901.61,1902.5,1897.18,1899.36,18500.725
2023-05-29 15:30:00,1899.37,1900.58,1895.85,1898.24,29470.767
2023-05-29 15:45:00,1898.24,1901.24,1896.02,1899.58,16282.053
2023-05-29 16:00:00,1899.58,1901.37,1898.64,1898.99,15553.797
2023-05-29 16:15:00,1898.99,1899.89,1894.04,1895.63,25217.304
2023-05-29 16:30:00,1895.62,1900.12,1895.53,1900.11,11167.116
2023-05-29 16:45:00,1900.1,1900.66,1896.98,1899.32,8520.857
2023-05-29 17:00:00,1899.33,1900.95,1898.8,1899.02,7690.118
2023-05-29 17:15:00,1899.02,1903.73,1898.16,1900.9,18919.659
2023-05-29 17:30:00,1900.9,1904.32,1900.72,1904.15,15917.69
2023-05-29 17:45:00,1904.16,1904.51,1902.49,1904.33,12470.736
2023-05-29 18:00:00,1904.34,1905.0,1902.54,1904.06,19763.237
2023-05-29 18:15:00,1904.06,1904.46,1901.33,1902.5,15016.637
2023-05-29 18:30:00,1902.5,1903.12,1901.22,1901.22,6380.524
2023-05-29 18:45:00,1901.22,1901.4,1892.11,1901.17,55315.672
2023-05-29 19:00:00,1901.16,1904.0,1898.88,1903.78,21587.128
2023-05-29 19:15:00,1903.79,1904.22,1901.23,1901.3,9938.145
2023-05-29 19:30:00,1901.31,1902.03,1900.73,1901.73,8236.242
2023-05-29 19:45:00,1901.73,1903.99,1901.72,1902.87,10474.093
2023-05-29 20:00:00,1902.86,1905.0,1900.33,1900.53,13952.331
2023-05-29 20:15:00,1900.52,1902.58,1897.26,1900.65,16964.29
2023-05-29 20:30:00,1900.65,1900.66,1896.07,1897.53,20178.671
2023-05-29 20:45:00,1897.53,1899.3,1896.35,1897.7,9619.537
2023-05-29 21:00:00,1897.69,1901.1,1896.91,1899.89,17138.81
2023-05-29 21:15:00,1899.89,1902.59,1898.6,1900.99,16827.882
2023-05-29 21:30:00,1901.0,1901.01,1895.0,1897.97,34313.106
2023-05-29 21:45:00,1897.98,1900.96,1896.88,1899.75,13669.625
2023-05-29 22:00:00,1899.74,1900.39,1899.24,1900.38,6165.911
2023-05-29 22:15:00,1900.39,1902.11,1897.82,1898.53,16833.88
2023-05-29 22:30:00,1898.53,1898.54,1880.95,1893.21,115453.285
2023-05-29 22:45:00,1893.21,1895.0,1888.08,1894.01,31457.071
2023-05-29 23:00:00,1894.01,1898.66,1890.91,1896.12,33231.454
2023-05-29 23:15:00,1896.12,1897.69,1888.02,1888.91,47643.328
2023-05-29 23:30:00,1888.92,1893.45,1885.42,1891.83,65334.227
2023-05-29 23:45:00,1891.83,1892.37,1885.91,1889.14,38382.259
2023-05-30 00:00:00,1889.14,1890.95,1881.25,1890.38,70239.49
2023-05-30 00:15:00,1890.38,1890.38,1876.5,1882.2,95519.189
2023-05-30 00:30:00,1882.2,1886.09,1880.45,1886.08,33057.234
2023-05-30 00:45:00,1886.09,1886.33,1880.9,1881.91,21135.326
2023-05-30 01:00:00,1881.9,1884.99,1872.0,1884.98,79301.736
2023-05-30 01:15:00,1884.99,1886.57,1881.9,1886.01,27232.915
2023-05-30 01:30:00,1886.01,1889.0,1884.33,1886.69,26243.427
2023-05-30 01:45:00,1886.69,1895.76,1886.06,1890.5,52528.039
2023-05-30 02:00:00,1890.49,1893.0,1888.51,1891.62,24460.884
2023-05-30 02:15:00,1891.62,1894.77,1891.5,1892.88,21772.325
2023-05-30 02:30:00,1892.88,1893.1,1890.47,1891.59,12370.444
2023-05-30 02:45:00,1891.58,1892.36,1890.0,1890.81,13514.591
2023-05-30 03:00:00,1890.81,1893.36,1889.16,1892.75,11844.428
2023-05-30 03:15:00,1892.76,1894.5,1891.63,1892.58,8440.26
2023-05-30 03:30:00,1892.57,1893.58,1890.35,1891.88,9724.361
2023-05-30 03:45:00,1891.89,1893.95,1887.97,1890.56,13902.963
2023-05-30 04:00:00,1890.57,1892.82,1889.43,1892.0,8744.935
2023-05-30 04:15:00,1892.0,1894.47,1891.05,1892.21,10467.876
2023-05-30 04:30:00,1892.21,1894.47,1891.77,1893.79,10388.909
2023-05-30 04:45:00,1893.8,1893.81,1891.91,1892.02,6603.32
2023-05-30 05:00:00,1892.02,1892.11,1890.11,1891.99,9146.734
2023-05-30 05:15:00,1891.99,1894.5,1889.0,1889.1,11294.931
2023-05-30 05:30:00,1889.1,1891.85,1888.54,1891.85,8908.786
2023-05-30 05:45:00,1891.84,1894.48,1889.37,1889.49,11627.047
2023-05-30 06:00:00,1889.49,1890.58,1884.73,1888.11,25286.899
2023-05-30 06:15:00,1888.11,1888.42,1885.45,1886.88,15152.88
2023-05-30 06:30:00,1886.87,1892.7,1885.96,1891.53,20090.647
2023-05-30 06:45:00,1891.52,1891.66,1890.11,1891.48,5844.574
2023-05-30 07:00:00,1891.48,1903.76,1890.57,1899.53,50686.317
2023-05-30 07:15:00,1899.54,1900.0,1894.5,1895.33,36536.466
2023-05-30 07:30:00,1895.32,1895.33,1892.03,1893.56,12390.314
2023-05-30 07:45:00,1893.56,1893.56,1890.3,1891.5,10385.774
2023-05-30 08:00:00,1891.51,1893.16,1889.38,1891.0,17452.6
2023-05-30 08:15:00,1891.0,1892.3,1887.77,1888.23,11089.85
2023-05-30 08:30:00,1888.23,1890.35,1880.02,1885.94,39583.319
2023-05-30 08:45:00,1885.94,1893.29,1885.94,1893.0,22657.67
2023-05-30 09:00:00,1892.99,1898.84,1891.72,1895.29,34818.871
2023-05-30 09:15:00,1895.29,1897.55,1895.29,1896.61,12721.177
2023-05-30 09:30:00,1896.6,1898.89,1896.53,1898.2,15952.67
2023-05-30 09:45:00,1898.2,1898.53,1894.54,1897.16,13906.278
2023-05-30 10:00:00,1897.16,1897.91,1894.11,1894.95,9289.766
2023-05-30 10:15:00,1894.95,1897.36,1894.94,1897.36,7770.585
2023-05-30 10:30:00,1897.36,1900.92,1896.33,1896.39,21277.666
2023-05-30 10:45:00,1896.38,1899.45,1896.38,1898.76,7115.322
2023-05-30 11:00:00,1898.76,1900.0,1896.75,1897.51,9849.527
2023-05-30 11:15:00,1897.5,1912.92,1897.5,1903.09,106720.922
2023-05-30 11:30:00,1903.1,1903.68,1901.41,1902.0,15267.533
2023-05-30 11:45:00,1902.01,1902.82,1899.6,1899.78,16007.589
2023-05-30 12:00:00,1899.78,1901.68,1899.1,1899.8,13114.509
2023-05-30 12:15:00,1899.8,1900.14,1897.65,1898.95,18631.726
2023-05-30 12:30:00,1898.95,1898.95,1895.24,1895.79,15576.66
2023-05-30 12:45:00,1895.8,1897.92,1895.79,1897.41,9381.488
2023-05-30 13:00:00,1897.41,1897.73,1891.87,1893.39,23692.752
2023-05-30 13:15:00,1893.39,1896.16,1892.03,1895.53,11767.09
2023-05-30 13:30:00,1895.53,1896.74,1895.0,1895.56,9325.461
2023-05-30 13:45:00,1895.56,1898.7,1895.56,1897.37,14969.487
2023-05-30 14:00:00,1897.37,1901.0,1897.37,1899.99,18065.396
2023-05-30 14:15:00,1899.98,1901.86,1899.69,1901.07,10494.829
2023-05-30 14:30:00,1901.07,1902.89,1900.55,1901.12,16699.871
2023-05-30 14:45:00,1901.12,1902.24,1899.68,1901.79,10935.494
2023-05-30 15:00:00,1901.79,1904.59,1901.04,1901.07,25189.826
2023-05-30 15:15:00,1901.07,1903.24,1900.0,1900.82,15498.388
2023-05-30 15:30:00,1900.82,1901.38,1898.0,1898.6,15792.227
2023-05-30 15:45:00,1898.6,1900.61,1897.42,1897.67,16281.882
2023-05-30 16:00:00,1897.67,1900.0,1897.66,1899.0,11851.245
2023-05-30 16:15:00,1899.0,1903.44,1898.78,1903.14,13886.667
2023-05-30 16:30:00,1903.14,1904.27,1901.31,1902.78,13184.337
2023-05-30 16:45:00,1902.78,1902.78,1900.81,1901.58,6930.282
2023-05-30 17:00:00,1901.58,1906.7,1901.58,1904.91,19570.965
2023-05-30 17:15:00,1904.91,1907.97,1904.0,1904.49,26593.033
2023-05-30 17:30:00,1904.5,1908.54,1904.31,1906.61,18098.332
2023-05-30 17:45:00,1906.62,1907.46,1905.44,1906.08,9672.186
2023-05-30 18:00:00,1906.08,1906.81,1905.33,1906.65,8324.928
2023-05-30 18:15:00,1906.64,1910.0,1905.5,1908.34,31363.55
2023-05-30 18:30:00,1908.34,1917.0,1908.34,1910.72,87282.728
2023-05-30 18:45:00,1910.73,1912.43,1905.46,1906.39,31020.401
2023-05-30 19:00:00,1906.4,1911.97,1904.49,1911.15,34534.64
2023-05-30 19:15:00,1911.16,1913.59,1909.32,1911.24,23835.654
2023-05-30 19:30:00,1911.24,1914.61,1911.14,1912.12,20251.338
2023-05-30 19:45:00,1912.11,1915.42,1911.73,1914.49,21854.214
2023-05-30 20:00:00,1914.48,1915.0,1912.68,1913.67,20778.854
2023-05-30 20:15:00,1913.67,1913.95,1906.52,1908.53,36123.191
2023-05-30 20:30:00,1908.53,1908.54,1902.28,1903.83,53017.994
2023-05-30 20:45:00,1903.82,1910.7,1902.88,1908.74,24660.313
2023-05-30 21:00:00,1908.73,1911.86,1907.76,1909.86,16888.552
2023-05-30 21:15:00,1909.86,1913.59,1909.85,1912.49,20461.033
2023-05-30 21:30:00,1912.5,1912.98,1906.5,1909.87,49713.519
2023-05-30 21:45:00,1909.88,1910.41,1901.31,1904.29,56712.153
2023-05-30 22:00:00,1904.29,1909.21,1900.59,1905.42,48534.463
2023-05-30 22:15:00,1905.42,1908.89,1901.95,1903.97,32109.73
2023-05-30 22:30:00,1903.97,1907.79,1896.81,1897.75,53854.184
2023-05-30 22:45:00,1897.74,1902.49,1895.0,1895.89,59630.311
2023-05-30 23:00:00,1895.9,1901.11,1894.67,1899.82,32270.425
2023-05-30 23:15:00,1899.81,1902.87,1893.0,1898.6,52239.204
2023-05-30 23:30:00,1898.6,1901.63,1896.82,1900.14,23680.546
2023-05-30 23:45:00,1900.13,1903.52,1898.99,1899.78,25081.865
2023-05-31 00:00:00,1899.78,1902.63,1896.44,1896.61,31012.392
2023-05-31 00:15:00,1896.62,1900.74,1890.28,1900.03,52031.613
2023-05-31 00:30:00,1900.02,1903.2,1899.29,1903.19,27610.886
2023-05-31 00:45:00,1903.2,1904.99,1902.13,1903.32,20016.763
2023-05-31 01:00:00,1903.31,1903.7,1899.03,1901.85,26285.522
2023-05-31 01:15:00,1901.85,1901.86,1897.67,1899.21,13867.679
2023-05-31 01:30:00,1899.22,1904.6,1896.48,1904.22,22107.283
2023-05-31 01:45:00,1904.23,1912.5,1901.76,1902.12,50355.771
2023-05-31 02:00:00,1902.12,1904.5,1900.04,1903.68,21452.818
2023-05-31 02:15:00,1903.69,1906.29,1902.48,1902.74,13687.721
2023-05-31 02:30:00,1902.73,1909.39,1902.56,1909.01,24417.194
2023-05-31 02:45:00,1909.0,1909.32,1906.5,1906.86,19467.936
2023-05-31 03:00:00,1906.86,1907.47,1905.91,1906.37,11680.947
2023-05-31 03:15:00,1906.38,1907.14,1904.04,1906.49,12348.906
2023-05-31 03:30:00,1906.49,1907.62,1905.32,1906.95,11264.146
2023-05-31 03:45:00,1906.95,1907.34,1904.19,1906.25,12940.292
2023-05-31 04:00:00,1906.25,1906.55,1904.25,1905.3,17579.637
2023-05-31 04:15:00,1905.29,1905.92,1900.51,1904.84,33989.131
2023-05-31 04:30:00,1904.84,1905.98,1904.22,1905.32,5013.821
2023-05-31 04:45:00,1905.32,1905.46,1902.29,1902.78,7501.956
2023-05-31 05:00:00,1902.79,1906.47,1901.0,1906.14,14283.663
2023-05-31 05:15:00,1906.14,1914.8,1906.0,1909.96,29676.356
2023-05-31 05:30:00,1909.96,1910.79,1906.51,1907.25,11202.558
2023-05-31 05:45:00,1907.24,1907.57,1902.3,1904.86,15499.406
2023-05-31 06:00:00,1904.86,1904.87,1898.13,1902.06,36556.814
2023-05-31 06:15:00,1902.06,1904.65,1901.43,1903.99,8719.017
2023-05-31 06:30:00,1903.99,1904.65,1902.9,1904.65,6742.889
2023-05-31 06:45:00,1904.64,1905.4,1902.66,1903.58,5577.878
2023-05-31 07:00:00,1903.59,1904.26,1897.0,1897.39,24734.586
2023-05-31 07:15:00,1897.4,1899.28,1896.29,1899.21,14457.282
2023-05-31 07:30:00,1899.2,1900.84,1898.46,1900.38,7583.816
2023-05-31 07:45:00,1900.38,1900.46,1898.59,1899.81,6613.813
2023-05-31 08:00:00,1899.81,1900.54,1897.46,1900.54,15086.805
2023-05-31 08:15:00,1900.54,1901.26,1899.28,1900.15,7298.088
2023-05-31 08:30:00,1900.15,1902.99,1899.59,1902.77,9388.12
2023-05-31 08:45:00,1902.77,1904.65,1901.79,1904.23,9050.697
2023-05-31 09:00:00,1904.23,1904.89,1901.56,1903.57,10426.919
2023-05-31 09:15:00,1903.58,1906.57,1902.42,1905.01,11359.476
2023-05-31 09:30:00,1905.02,1905.65,1903.47,1905.65,7069.946
2023-05-31 09:45:00,1905.65,1905.83,1901.74,1902.54,9948.612
2023-05-31 10:00:00,1902.54,1902.55,1882.39,1890.61,138246.187
2023-05-31 10:15:00,1890.62,1894.46,1888.58,1894.22,35125.354
2023-05-31 10:30:00,1894.22,1894.23,1891.17,1892.4,18087.582
2023-05-31 10:45:00,1892.4,1895.06,1889.98,1894.97,15870.378
2023-05-31 11:00:00,1894.98,1895.33,1891.48,1894.28,19522.722
2023-05-31 11:15:00,1894.29,1896.63,1893.9,1896.33,14866.939
2023-05-31 11:30:00,1896.34,1897.2,1895.73,1896.28,8070.4
2023-05-31 11:45:00,1896.28,1897.4,1895.79,1896.82,7775.152
2023-05-31 12:00:00,1896.82,1897.26,1894.24,1895.65,15497.349
2023-05-31 12:15:00,1895.65,1897.43,1893.1,1894.29,12142.813
2023-05-31 12:30:00,1894.28,1894.95,1887.92,1889.37,36180.072
2023-05-31 12:45:00,1889.37,1890.52,1869.06,1873.09,189223.649
2023-05-31 13:00:00,1873.09,1874.38,1860.0,1868.24,153846.211
2023-05-31 13:15:00,1868.24,1871.46,1864.59,1869.46,74110.079
2023-05-31 13:30:00,1869.46,1869.71,1863.05,1868.75,55255.591
2023-05-31 13:45:00,1868.75,1868.75,1857.76,1863.54,72249.339
2023-05-31 14:00:00,1863.54,1863.97,1856.0,1861.99,67592.091
2023-05-31 14:15:00,1862.0,1865.42,1859.64,1865.36,45061.07
2023-05-31 14:30:00,1865.35,1866.58,1862.88,1863.01,32448.308
2023-05-31 14:45:00,1863.01,1867.0,1862.54,1866.68,29575.585
2023-05-31 15:00:00,1866.67,1866.68,1864.34,1865.62,14097.023
2023-05-31 15:15:00,1865.62,1872.5,1865.62,1871.54,40720.237
2023-05-31 15:30:00,1871.54,1872.62,1868.64,1869.48,21926.204
2023-05-31 15:45:00,1869.48,1869.58,1868.5,1868.67,9817.645
2023-05-31 16:00:00,1868.66,1873.0,1867.2,1871.59,30643.449
2023-05-31 16:15:00,1871.6,1872.58,1868.5,1869.46,18348.886
2023-05-31 16:30:00,1869.47,1870.56,1866.93,1867.28,17074.712
2023-05-31 16:45:00,1867.28,1869.3,1866.39,1867.6,16040.113
2023-05-31 17:00:00,1867.59,1870.17,1865.52,1868.13,23850.627
2023-05-31 17:15:00,1868.14,1870.54,1866.55,1868.46,21349.556
2023-05-31 17:30:00,1868.46,1869.21,1866.39,1868.51,17720.41
2023-05-31 17:45:00,1868.5,1870.0,1867.78,1868.93,10052.302
2023-05-31 18:00:00,1868.92,1870.97,1868.79,1869.05,12336.094
2023-05-31 18:15:00,1869.04,1869.1,1866.3,1867.16,11279.761
2023-05-31 18:30:00,1867.16,1868.03,1865.45,1865.71,17724.115
2023-05-31 18:45:00,1865.71,1866.72,1863.33,1864.87,23011.943
2023-05-31 19:00:00,1864.87,1866.29,1861.1,1866.28,30169.268
2023-05-31 19:15:00,1866.29,1868.12,1863.38,1867.36,18574.63
2023-05-31 19:30:00,1867.35,1867.99,1865.64,1866.77,12040.384
2023-05-31 19:45:00,1866.78,1867.14,1863.94,1864.57,11865.19
2023-05-31 20:00:00,1864.56,1866.53,1861.98,1864.26,22475.782
2023-05-31 20:15:00,1864.26,1866.42,1863.63,1865.42,13394.048
2023-05-31 20:30:00,1865.42,1867.44,1865.4,1866.95,9815.475
2023-05-31 20:45:00,1866.95,1868.33,1865.4,1865.99,12569.151
2023-05-31 21:00:00,1866.0,1871.21,1865.03,1870.02,23032.816
2023-05-31 21:15:00,1870.02,1871.91,1868.58,1870.5,19750.377
2023-05-31 21:30:00,1870.5,1874.78,1868.0,1873.58,34984.14
2023-05-31 21:45:00,1873.57,1874.31,1867.73,1867.74,28628.744
2023-05-31 22:00:00,1867.73,1867.75,1860.32,1862.0,75775.719
2023-05-31 22:15:00,1862.0,1865.2,1845.0,1854.39,183152.575
2023-05-31 22:30:00,1854.4,1858.19,1852.41,1857.99,45053.598
2023-05-31 22:45:00,1857.98,1863.21,1856.69,1860.38,50182.803
2023-05-31 23:00:00,1860.38,1862.09,1856.16,1856.55,34811.582
2023-05-31 23:15:00,1856.55,1860.37,1856.4,1856.69,17867.34
2023-05-31 23:30:00,1856.68,1859.61,1856.26,1857.98,18883.104
2023-05-31 23:45:00,1857.97,1859.22,1855.92,1857.32,26082.205
2023-06-01 00:00:00,1857.31,1860.06,1853.5,1859.93,35439.591
2023-06-01 00:15:00,1859.93,1861.49,1858.26,1861.26,21303.003
2023-06-01 00:30:00,1861.27,1861.27,1858.16,1859.2,15177.248
2023-06-01 00:45:00,1859.21,1861.65,1855.23,1859.37,25020.281
2023-06-01 01:00:00,1859.38,1860.9,1858.37,1859.65,14922.034
2023-06-01 01:15:00,1859.66,1862.48,1858.83,1861.64,17352.738
2023-06-01 01:30:00,1861.64,1867.95,1860.89,1864.41,41809.62
2023-06-01 01:45:00,1864.41,1866.35,1862.6,1865.24,23616.678
2023-06-01 02:00:00,1865.25,1866.09,1864.27,1864.91,11744.901
2023-06-01 02:15:00,1864.91,1865.62,1862.17,1864.74,18162.504
2023-06-01 02:30:00,1864.75,1864.8,1863.0,1864.48,8311.767
2023-06-01 02:45:00,1864.48,1865.11,1859.88,1863.0,17351.449
2023-06-01 03:00:00,1863.01,1863.83,1860.39,1863.21,14185.037
2023-06-01 03:15:00,1863.21,1864.84,1862.84,1863.59,10760.838
2023-06-01 03:30:00,1863.6,1868.62,1862.87,1867.53,14256.321
2023-06-01 03:45:00,1867.53,1869.22,1862.28,1862.91,21190.941
2023-06-01 04:00:00,1862.92,1865.43,1862.42,1865.28,11390.235
2023-06-01 04:15:00,1865.27,1868.21,1864.65,1867.28,10917.488
2023-06-01 04:30:00,1867.28,1867.93,1864.8,1866.02,10988.292
2023-06-01 04:45:00,1866.02,1866.17,1863.0,1864.66,7972.333
2023-06-01 05:00:00,1864.66,1865.54,1862.56,1863.76,8627.549
2023-06-01 05:15:00,1863.76,1864.28,1860.17,1861.5,10447.813
2023-06-01 05:30:00,1861.5,1863.77,1860.41,1863.29,6946.229
2023-06-01 05:45:00,1863.29,1864.06,1862.16,1863.58,5730.109
2023-06-01 06:00:00,1863.58,1865.52,1862.49,1864.45,13341.574
2023-06-01 06:15:00,1864.45,1868.54,1864.36,1866.76,10527.501
2023-06-01 06:30:00,1866.76,1868.15,1865.8,1866.95,10832.244
2023-06-01 06:45:00,1866.95,1870.98,1866.79,1868.65,16123.148
2023-06-01 07:00:00,1868.64,1869.14,1867.06,1868.08,14721.472
2023-06-01 07:15:00,1868.08,1871.6,1867.58,1871.1,17884.626
2023-06-01 07:30:00,1871.1,1881.63,1869.57,1874.78,48796.257
2023-06-01 07:45:00,1874.77,1875.93,1872.04,1872.84,25641.408
2023-06-01 08:00:00,1872.85,1889.61,1872.51,1884.23,105101.19
2023-06-01 08:15:00,1884.24,1889.0,1883.65,1886.21,54578.992
2023-06-01 08:30:00,1886.2,1888.5,1870.51,1874.02,81428.281
2023-06-01 08:45:00,1874.02,1874.12,1867.2,1870.65,45306.198
2023-06-01 09:00:00,1870.65,1879.05,1870.39,1877.05,44963.73
2023-06-01 09:15:00,1877.05,1878.99,1874.8,1877.31,25336.454
2023-06-01 09:30:00,1877.3,1877.86,1873.61,1873.97,18895.972
2023-06-01 09:45:00,1873.98,1877.46,1871.2,1873.32,22929.629
2023-06-01 10:00:00,1873.32,1874.29,1870.0,1870.49,14093.487
2023-06-01 10:15:00,1870.49,1872.63,1869.45,1871.32,15387.386
2023-06-01 10:30:00,1871.32,1874.28,1868.94,1869.84,15666.984
2023-06-01 10:45:00,1869.84,1870.5,1845.0,1851.52,207329.001
2023-06-01 11:00:00,1851.52,1854.64,1837.94,1853.85,147120.835
2023-06-01 11:15:00,1853.86,1857.77,1852.69,1852.88,37688.232
2023-06-01 11:30:00,1852.97,1857.0,1852.88,1854.0,20433.374
2023-06-01 11:45:00,1854.0,1855.4,1853.33,1854.81,12860.839
2023-06-01 12:00:00,1854.81,1856.0,1852.85,1853.82,24527.716
2023-06-01 12:15:00,1853.83,1854.19,1851.37,1852.64,16578.281
2023-06-01 12:30:00,1852.64,1856.06,1852.57,1855.51,17856.301
2023-06-01 12:45:00,1855.51,1855.88,1853.55,1854.11,8043.822
2023-06-01 13:00:00,1854.11,1856.98,1852.61,1856.97,14844.593
2023-06-01 13:15:00,1856.98,1857.46,1856.14,1856.75,13017.863
2023-06-01 13:30:00,1856.76,1857.89,1855.37,1855.63,13391.835
2023-06-01 13:45:00,1855.63,1856.44,1854.29,1854.87,9049.511
2023-06-01 14:00:00,1854.87,1855.77,1853.88,1854.71,22840.62
2023-06-01 14:15:00,1854.71,1854.97,1852.64,1853.53,15617.503
2023-06-01 14:30:00,1853.53,1856.27,1853.53,1856.27,10855.643
2023-06-01 14:45:00,1856.27,1856.47,1854.17,1854.27,8749.909
2023-06-01 15:00:00,1854.27,1854.66,1850.02,1852.05,20225.28
2023-06-01 15:15:00,1852.04,1859.59,1851.05,1858.12,31828.286
2023-06-01 15:30:00,1858.12,1858.13,1854.41,1854.8,17950.192
2023-06-01 15:45:00,1854.79,1855.99,1852.51,1853.6,12691.181
2023-06-01 16:00:00,1853.6,1854.81,1851.21,1854.75,19135.825
2023-06-01 16:15:00,1854.75,1856.88,1854.19,1856.51,13482.577
2023-06-01 16:30:00,1856.5,1857.85,1855.9,1857.51,11251.717
2023-06-01 16:45:00,1857.5,1860.9,1857.3,1859.82,20500.867
2023-06-01 17:00:00,1859.82,1861.84,1859.31,1860.89,21293.036
2023-06-01 17:15:00,1860.9,1863.51,1860.24,1863.44,21122.877
2023-06-01 17:30:00,1863.44,1865.38,1861.66,1862.42,19500.731
2023-06-01 17:45:00,1862.42,1862.77,1861.0,1861.27,12584.95
2023-06-01 18:00:00,1861.27,1861.9,1859.13,1859.8,13629.249
2023-06-01 18:15:00,1859.8,1862.69,1858.76,1860.76,15977.277
2023-06-01 18:30:00,1860.76,1861.98,1860.21,1861.71,7917.776
2023-06-01 18:45:00,1861.71,1861.95,1858.52,1858.69,9963.355
2023-06-01 19:00:00,1858.7,1860.0,1858.61,1859.99,7662.262
2023-06-01 19:15:00,1859.99,1860.59,1857.12,1858.01,11715.688
2023-06-01 19:30:00,1858.01,1860.6,1857.98,1859.54,8117.567
2023-06-01 19:45:00,1859.53,1861.7,1859.37,1860.8,10831.411
2023-06-01 20:00:00,1860.81,1860.88,1858.0,1858.93,9566.613
2023-06-01 20:15:00,1858.92,1861.4,1856.31,1859.17,30253.172
2023-06-01 20:30:00,1859.16,1864.39,1859.06,1861.47,28013.279
2023-06-01 20:45:00,1861.48,1865.55,1860.72,1863.75,23594.652
2023-06-01 21:00:00,1863.75,1866.01,1863.75,1864.25,19149.332
2023-06-01 21:15:00,1864.25,1864.26,1861.25,1862.83,9709.565
